actual_gesture,predicted_gesture,confidence
OPEN PALM,OPEN PALM,96.66666666666667
OPEN PALM,OPEN PALM,95.33333333333334
OPEN PALM,OPEN PALM,96.0
OPEN PALM,OPEN PALM,95.33333333333334
OPEN PALM,OPEN PALM,95.33333333333334
OPEN PALM,OPEN PALM,96.66666666666667
OPEN PALM,OPEN PALM,95.33333333333334
OPEN PALM,OPEN PALM,96.0
OPEN PALM,OPEN PALM,98.0
OPEN PALM,OPEN PALM,98.0
OPEN PALM,OPEN PALM,98.0
OPEN PALM,OPEN PALM,96.0
OPEN PALM,OPEN PALM,96.0
OPEN PALM,OPEN PALM,96.0
OPEN PALM,OPEN PALM,96.66666666666667
OPEN PALM,OPEN PALM,96.66666666666667
OPEN PALM,OPEN PALM,97.33333333333334
OPEN PALM,OPEN PALM,98.0
OPEN PALM,OPEN PALM,98.0
OPEN PALM,OPEN PALM,98.0
OPEN PALM,OPEN PALM,97.33333333333334
OPEN PALM,OPEN PALM,97.33333333333334
OPEN PALM,OPEN PALM,98.0
OPEN PALM,OPEN PALM,95.33333333333334
OPEN PALM,OPEN PALM,96.66666666666667
OPEN PALM,OPEN PALM,96.66666666666667
OPEN PALM,OPEN PALM,97.33333333333334
OPEN PALM,OPEN PALM,96.0
OPEN PALM,OPEN PALM,96.0
OPEN PALM,OPEN PALM,96.0
OPEN PALM,OPEN PALM,96.0
OPEN PALM,OPEN PALM,95.33333333333334
OPEN PALM,OPEN PALM,95.33333333333334
OPEN PALM,OPEN PALM,94.0
OPEN PALM,OPEN PALM,94.66666666666667
OPEN PALM,OPEN PALM,94.66666666666667
OPEN PALM,OPEN PALM,94.66666666666667
OPEN PALM,OPEN PALM,94.66666666666667
OPEN PALM,OPEN PALM,94.66666666666667
OPEN PALM,OPEN PALM,94.66666666666667
OPEN PALM,OPEN PALM,96.0
OPEN PALM,OPEN PALM,96.0
OPEN PALM,OPEN PALM,94.0
OPEN PALM,OPEN PALM,94.66666666666667
OPEN PALM,OPEN PALM,95.33333333333334
OPEN PALM,OPEN PALM,95.33333333333334
OPEN PALM,OPEN PALM,94.66666666666667
OPEN PALM,OPEN PALM,95.33333333333334
OPEN PALM,OPEN PALM,95.33333333333334
OPEN PALM,OPEN PALM,95.33333333333334
OPEN PALM,OPEN PALM,94.66666666666667
OPEN PALM,OPEN PALM,95.33333333333334
OPEN PALM,OPEN PALM,95.33333333333334
OPEN PALM,OPEN PALM,95.33333333333334
OPEN PALM,OPEN PALM,96.0
OPEN PALM,OPEN PALM,96.0
OPEN PALM,OPEN PALM,96.0
OPEN PALM,OPEN PALM,95.33333333333334
OPEN PALM,OPEN PALM,95.33333333333334
OPEN PALM,OPEN PALM,95.33333333333334
OPEN PALM,OPEN PALM,94.66666666666667
OPEN PALM,OPEN PALM,94.0
OPEN PALM,OPEN PALM,95.33333333333334
OPEN PALM,OPEN PALM,94.0
OPEN PALM,OPEN PALM,95.33333333333334
OPEN PALM,OPEN PALM,94.0
OPEN PALM,OPEN PALM,94.66666666666667
OPEN PALM,OPEN PALM,94.66666666666667
OPEN PALM,OPEN PALM,94.66666666666667
OPEN PALM,OPEN PALM,94.66666666666667
OPEN PALM,OPEN PALM,95.33333333333334
OPEN PALM,OPEN PALM,95.33333333333334
OPEN PALM,OPEN PALM,95.33333333333334
OPEN PALM,OPEN PALM,94.66666666666667
OPEN PALM,OPEN PALM,95.33333333333334
OPEN PALM,OPEN PALM,95.33333333333334
OPEN PALM,OPEN PALM,94.66666666666667
OPEN PALM,OPEN PALM,96.0
OPEN PALM,OPEN PALM,95.33333333333334
OPEN PALM,OPEN PALM,95.33333333333334
OPEN PALM,OPEN PALM,96.0
OPEN PALM,OPEN PALM,95.33333333333334
OPEN PALM,OPEN PALM,95.33333333333334
OPEN PALM,OPEN PALM,96.0
OPEN PALM,OPEN PALM,94.66666666666667
OPEN PALM,OPEN PALM,96.66666666666667
OPEN PALM,OPEN PALM,96.66666666666667
OPEN PALM,OPEN PALM,96.0
OPEN PALM,OPEN PALM,96.66666666666667
OPEN PALM,OPEN PALM,96.66666666666667
OPEN PALM,OPEN PALM,96.0
OPEN PALM,OPEN PALM,96.0
OPEN PALM,OPEN PALM,96.66666666666667
OPEN PALM,OPEN PALM,96.0
OPEN PALM,OPEN PALM,94.66666666666667
OPEN PALM,OPEN PALM,95.33333333333334
OPEN PALM,OPEN PALM,94.66666666666667
OPEN PALM,OPEN PALM,95.33333333333334
OPEN PALM,OPEN PALM,94.0
OPEN PALM,OPEN PALM,94.0
OPEN PALM,OPEN PALM,98.66666666666667
OPEN PALM,OPEN PALM,98.66666666666667
OPEN PALM,OPEN PALM,98.0
OPEN PALM,OPEN PALM,98.0
OPEN PALM,OPEN PALM,98.66666666666667
OPEN PALM,OPEN PALM,98.0
OPEN PALM,OPEN PALM,96.0
OPEN PALM,OPEN PALM,96.66666666666667
OPEN PALM,OPEN PALM,97.33333333333334
OPEN PALM,OPEN PALM,93.33333333333333
OPEN PALM,OPEN PALM,92.66666666666666
OPEN PALM,OPEN PALM,95.33333333333334
OPEN PALM,OPEN PALM,96.66666666666667
OPEN PALM,OPEN PALM,94.0
OPEN PALM,OPEN PALM,93.33333333333333
OPEN PALM,OPEN PALM,94.66666666666667
OPEN PALM,OPEN PALM,98.66666666666667
OPEN PALM,OPEN PALM,98.66666666666667
OPEN PALM,OPEN PALM,97.33333333333334
OPEN PALM,OPEN PALM,100.0
OPEN PALM,OPEN PALM,98.0
OPEN PALM,OPEN PALM,99.33333333333333
OPEN PALM,OPEN PALM,95.33333333333334
OPEN PALM,OPEN PALM,96.0
OPEN PALM,OPEN PALM,96.66666666666667
OPEN PALM,OPEN PALM,96.0
OPEN PALM,OPEN PALM,94.66666666666667
OPEN PALM,OPEN PALM,92.0
OPEN PALM,OPEN PALM,90.66666666666666
OPEN PALM,OPEN PALM,92.0
OPEN PALM,OPEN PALM,92.0
OPEN PALM,OPEN PALM,90.0
OPEN PALM,OPEN PALM,90.0
OPEN PALM,OPEN PALM,90.0
OPEN PALM,OPEN PALM,86.66666666666667
OPEN PALM,OPEN PALM,80.0
OPEN PALM,OPEN PALM,80.66666666666666
OPEN PALM,OPEN PALM,76.66666666666667
OPEN PALM,OPEN PALM,79.33333333333333
OPEN PALM,OPEN PALM,79.33333333333333
OPEN PALM,OPEN PALM,75.33333333333333
OPEN PALM,OPEN PALM,76.66666666666667
OPEN PALM,OPEN PALM,76.66666666666667
OPEN PALM,OPEN PALM,75.33333333333333
OPEN PALM,OPEN PALM,74.0
OPEN PALM,OPEN PALM,75.33333333333333
OPEN PALM,OPEN PALM,76.66666666666667
OPEN PALM,OPEN PALM,82.0
OPEN PALM,OPEN PALM,87.33333333333333
OPEN PALM,OPEN PALM,88.0
OPEN PALM,OPEN PALM,89.33333333333333
OPEN PALM,OPEN PALM,87.33333333333333
OPEN PALM,OPEN PALM,92.0
OPEN PALM,OPEN PALM,95.33333333333334
OPEN PALM,OPEN PALM,96.0
OPEN PALM,OPEN PALM,96.66666666666667
OPEN PALM,OPEN PALM,96.66666666666667
OPEN PALM,OPEN PALM,96.0
OPEN PALM,OPEN PALM,96.0
OPEN PALM,OPEN PALM,98.0
OPEN PALM,OPEN PALM,98.0
OPEN PALM,OPEN PALM,97.33333333333334
OPEN PALM,OPEN PALM,96.66666666666667
OPEN PALM,OPEN PALM,94.66666666666667
OPEN PALM,OPEN PALM,96.0
OPEN PALM,OPEN PALM,92.66666666666666
OPEN PALM,OPEN PALM,93.33333333333333
OPEN PALM,OPEN PALM,88.66666666666667
OPEN PALM,OPEN PALM,88.0
OPEN PALM,OPEN PALM,76.0
OPEN PALM,OPEN PALM,68.0
OPEN PALM,OPEN PALM,72.66666666666667
OPEN PALM,OPEN PALM,72.66666666666667
OPEN PALM,OPEN PALM,82.0
OPEN PALM,OPEN PALM,80.0
OPEN PALM,OPEN PALM,80.0
OPEN PALM,OPEN PALM,92.0
OPEN PALM,OPEN PALM,93.33333333333333
OPEN PALM,OPEN PALM,94.0
OPEN PALM,OPEN PALM,94.66666666666667
OPEN PALM,OPEN PALM,96.0
OPEN PALM,OPEN PALM,96.66666666666667
OPEN PALM,OPEN PALM,96.0
OPEN PALM,OPEN PALM,92.66666666666666
OPEN PALM,OPEN PALM,92.66666666666666
OPEN PALM,OPEN PALM,89.33333333333333
OPEN PALM,OPEN PALM,86.66666666666667
OPEN PALM,OPEN PALM,84.66666666666667
OPEN PALM,OPEN PALM,83.33333333333334
OPEN PALM,OPEN PALM,85.33333333333334
OPEN PALM,OPEN PALM,84.0
OPEN PALM,OPEN PALM,84.66666666666667
OPEN PALM,OPEN PALM,84.66666666666667
OPEN PALM,OPEN PALM,86.0
OPEN PALM,OPEN PALM,82.66666666666667
OPEN PALM,OPEN PALM,82.66666666666667
OPEN PALM,OPEN PALM,84.66666666666667
OPEN PALM,OPEN PALM,86.0
OPEN PALM,OPEN PALM,87.33333333333333
OPEN PALM,OPEN PALM,79.33333333333333
OPEN PALM,OPEN PALM,41.333333333333336
OPEN PALM,OPEN PALM,42.0
OPEN PALM,OPEN PALM,40.0
OPEN PALM,OPEN PALM,42.66666666666667
OPEN PALM,OPEN PALM,40.0
OPEN PALM,OPEN PALM,38.666666666666664
OPEN PALM,OPEN PALM,37.333333333333336
OPEN PALM,OPEN PALM,37.333333333333336
OPEN PALM,OPEN PALM,36.666666666666664
OPEN PALM,OPEN PALM,36.0
OPEN PALM,OPEN PALM,76.0
OPEN PALM,OPEN PALM,82.66666666666667
OPEN PALM,OPEN PALM,92.0
OPEN PALM,OPEN PALM,94.66666666666667
OPEN PALM,OPEN PALM,92.66666666666666
OPEN PALM,OPEN PALM,95.33333333333334
OPEN PALM,OPEN PALM,96.0
OPEN PALM,OPEN PALM,92.66666666666666
OPEN PALM,OPEN PALM,94.66666666666667
OPEN PALM,OPEN PALM,94.66666666666667
OPEN PALM,OPEN PALM,67.33333333333333
OPEN PALM,OPEN PALM,68.66666666666667
OPEN PALM,OPEN PALM,70.66666666666667
OPEN PALM,OPEN PALM,73.33333333333333
OPEN PALM,OPEN PALM,68.0
OPEN PALM,OPEN PALM,64.0
OPEN PALM,OPEN PALM,66.0
OPEN PALM,OPEN PALM,68.66666666666667
OPEN PALM,OPEN PALM,69.33333333333334
OPEN PALM,OPEN PALM,74.0
OPEN PALM,OPEN PALM,74.66666666666667
OPEN PALM,OPEN PALM,95.33333333333334
OPEN PALM,OPEN PALM,96.66666666666667
OPEN PALM,OPEN PALM,96.0
OPEN PALM,OPEN PALM,96.0
OPEN PALM,OPEN PALM,92.66666666666666
OPEN PALM,OPEN PALM,60.66666666666667
OPEN PALM,OPEN PALM,52.0
OPEN PALM,OPEN PALM,47.333333333333336
OPEN PALM,OPEN PALM,40.0
OPEN PALM,OPEN PALM,36.0
OPEN PALM,OPEN PALM,34.66666666666667
OPEN PALM,THREE,34.66666666666667
OPEN PALM,OPEN PALM,34.66666666666667
OPEN PALM,OPEN PALM,34.0
OPEN PALM,OPEN PALM,34.66666666666667
OPEN PALM,OPEN PALM,36.0
OPEN PALM,OPEN PALM,36.666666666666664
OPEN PALM,OPEN PALM,34.66666666666667
OPEN PALM,OPEN PALM,34.0
OPEN PALM,OPEN PALM,35.333333333333336
OPEN PALM,OPEN PALM,36.666666666666664
OPEN PALM,OPEN PALM,67.33333333333333
OPEN PALM,OPEN PALM,74.0
OPEN PALM,OPEN PALM,81.33333333333333
OPEN PALM,OPEN PALM,91.33333333333333
OPEN PALM,OPEN PALM,93.33333333333333
OPEN PALM,OPEN PALM,94.0
OPEN PALM,OPEN PALM,96.66666666666667
OPEN PALM,OPEN PALM,96.66666666666667
OPEN PALM,OPEN PALM,95.33333333333334
OPEN PALM,OPEN PALM,94.66666666666667
OPEN PALM,OPEN PALM,94.66666666666667
OPEN PALM,OPEN PALM,91.33333333333333
OPEN PALM,OPEN PALM,90.0
OPEN PALM,OPEN PALM,87.33333333333333
OPEN PALM,OPEN PALM,77.33333333333333
OPEN PALM,OPEN PALM,70.66666666666667
OPEN PALM,OPEN PALM,68.0
OPEN PALM,OPEN PALM,70.0
OPEN PALM,OPEN PALM,70.0
OPEN PALM,OPEN PALM,74.66666666666667
OPEN PALM,OPEN PALM,90.0
OPEN PALM,OPEN PALM,94.66666666666667
OPEN PALM,OPEN PALM,97.33333333333334
OPEN PALM,OPEN PALM,97.33333333333334
OPEN PALM,OPEN PALM,98.66666666666667
OPEN PALM,OPEN PALM,95.33333333333334
OPEN PALM,OPEN PALM,94.66666666666667
OPEN PALM,OPEN PALM,89.33333333333333
OPEN PALM,OPEN PALM,90.66666666666666
OPEN PALM,OPEN PALM,85.33333333333334
OPEN PALM,OPEN PALM,80.0
OPEN PALM,OPEN PALM,80.0
OPEN PALM,OPEN PALM,74.0
OPEN PALM,OPEN PALM,70.66666666666667
OPEN PALM,OPEN PALM,74.66666666666667
OPEN PALM,OPEN PALM,72.0
OPEN PALM,OPEN PALM,71.33333333333334
OPEN PALM,OPEN PALM,66.66666666666666
OPEN PALM,OPEN PALM,60.0
OPEN PALM,OPEN PALM,61.33333333333333
OPEN PALM,OPEN PALM,56.666666666666664
OPEN PALM,OPEN PALM,57.333333333333336
OPEN PALM,OPEN PALM,54.0
OPEN PALM,OPEN PALM,57.99999999999999
OPEN PALM,OPEN PALM,68.0
OPEN PALM,OPEN PALM,71.33333333333334
OPEN PALM,OPEN PALM,74.0
OPEN PALM,OPEN PALM,75.33333333333333
OPEN PALM,OPEN PALM,98.0
OPEN PALM,OPEN PALM,98.0
OPEN PALM,OPEN PALM,98.0
OPEN PALM,OPEN PALM,98.66666666666667
OPEN PALM,OPEN PALM,97.33333333333334
OPEN PALM,OPEN PALM,96.0
OPEN PALM,OPEN PALM,97.33333333333334
OPEN PALM,OPEN PALM,98.0
OPEN PALM,OPEN PALM,97.33333333333334
OPEN PALM,OPEN PALM,98.66666666666667
OPEN PALM,OPEN PALM,99.33333333333333
OPEN PALM,OPEN PALM,98.0
OPEN PALM,OPEN PALM,98.0
OPEN PALM,OPEN PALM,98.0
OPEN PALM,OPEN PALM,98.0
OPEN PALM,OPEN PALM,96.0
OPEN PALM,OPEN PALM,97.33333333333334
OPEN PALM,OPEN PALM,98.0
OPEN PALM,OPEN PALM,97.33333333333334
OPEN PALM,OPEN PALM,94.66666666666667
OPEN PALM,OPEN PALM,96.0
OPEN PALM,OPEN PALM,97.33333333333334
OPEN PALM,OPEN PALM,97.33333333333334
OPEN PALM,OPEN PALM,96.0
OPEN PALM,OPEN PALM,96.66666666666667
OPEN PALM,OPEN PALM,95.33333333333334
OPEN PALM,OPEN PALM,97.33333333333334
OPEN PALM,OPEN PALM,94.66666666666667
OPEN PALM,OPEN PALM,98.66666666666667
OPEN PALM,OPEN PALM,95.33333333333334
OPEN PALM,OPEN PALM,96.66666666666667
OPEN PALM,OPEN PALM,96.0
OPEN PALM,OPEN PALM,98.0
OPEN PALM,OPEN PALM,98.0
OPEN PALM,OPEN PALM,97.33333333333334
OPEN PALM,OPEN PALM,85.33333333333334
OPEN PALM,OPEN PALM,84.66666666666667
OPEN PALM,OPEN PALM,86.0
OPEN PALM,OPEN PALM,87.33333333333333
OPEN PALM,OPEN PALM,93.33333333333333
OPEN PALM,OPEN PALM,88.0
OPEN PALM,OPEN PALM,86.66666666666667
OPEN PALM,OPEN PALM,89.33333333333333
OPEN PALM,OPEN PALM,87.33333333333333
OPEN PALM,OPEN PALM,88.0
OPEN PALM,OPEN PALM,86.0
OPEN PALM,OPEN PALM,90.0
OPEN PALM,OPEN PALM,88.66666666666667
OPEN PALM,OPEN PALM,95.33333333333334
OPEN PALM,OPEN PALM,90.0
OPEN PALM,OPEN PALM,94.0
OPEN PALM,OPEN PALM,100.0
OPEN PALM,OPEN PALM,99.33333333333333
OPEN PALM,OPEN PALM,98.0
OPEN PALM,OPEN PALM,98.66666666666667
OPEN PALM,OPEN PALM,96.0
OPEN PALM,OPEN PALM,92.66666666666666
OPEN PALM,OPEN PALM,92.0
OPEN PALM,OPEN PALM,92.66666666666666
OPEN PALM,OPEN PALM,91.33333333333333
OPEN PALM,OPEN PALM,91.33333333333333
OPEN PALM,OPEN PALM,90.0
OPEN PALM,OPEN PALM,96.0
OPEN PALM,OPEN PALM,94.66666666666667
OPEN PALM,OPEN PALM,92.66666666666666
OPEN PALM,OPEN PALM,92.66666666666666
OPEN PALM,OPEN PALM,93.33333333333333
OPEN PALM,OPEN PALM,81.33333333333333
OPEN PALM,OPEN PALM,79.33333333333333
OPEN PALM,OPEN PALM,74.0
OPEN PALM,OPEN PALM,72.0
OPEN PALM,OPEN PALM,74.66666666666667
OPEN PALM,OPEN PALM,77.33333333333333
OPEN PALM,OPEN PALM,72.66666666666667
OPEN PALM,OPEN PALM,73.33333333333333
OPEN PALM,OPEN PALM,78.0
OPEN PALM,OPEN PALM,77.33333333333333
OPEN PALM,OPEN PALM,76.0
OPEN PALM,OPEN PALM,72.66666666666667
OPEN PALM,OPEN PALM,78.0
OPEN PALM,OPEN PALM,70.66666666666667
OPEN PALM,OPEN PALM,70.0
OPEN PALM,OPEN PALM,68.0
OPEN PALM,OPEN PALM,66.66666666666666
OPEN PALM,OPEN PALM,67.33333333333333
OPEN PALM,OPEN PALM,75.33333333333333
OPEN PALM,OPEN PALM,76.66666666666667
OPEN PALM,OPEN PALM,79.33333333333333
OPEN PALM,OPEN PALM,79.33333333333333
OPEN PALM,OPEN PALM,82.66666666666667
OPEN PALM,OPEN PALM,82.0
OPEN PALM,OPEN PALM,80.66666666666666
OPEN PALM,OPEN PALM,83.33333333333334
OPEN PALM,OPEN PALM,79.33333333333333
OPEN PALM,OPEN PALM,80.0
OPEN PALM,OPEN PALM,81.33333333333333
OPEN PALM,OPEN PALM,81.33333333333333
OPEN PALM,OPEN PALM,81.33333333333333
OPEN PALM,OPEN PALM,84.66666666666667
OPEN PALM,OPEN PALM,82.66666666666667
OPEN PALM,OPEN PALM,94.66666666666667
OPEN PALM,OPEN PALM,94.0
OPEN PALM,OPEN PALM,96.0
OPEN PALM,OPEN PALM,96.0
OPEN PALM,OPEN PALM,98.66666666666667
OPEN PALM,OPEN PALM,98.66666666666667
OPEN PALM,OPEN PALM,97.33333333333334
OPEN PALM,OPEN PALM,99.33333333333333
OPEN PALM,OPEN PALM,98.0
OPEN PALM,OPEN PALM,100.0
OPEN PALM,OPEN PALM,99.33333333333333
OPEN PALM,OPEN PALM,98.0
OPEN PALM,OPEN PALM,99.33333333333333
OPEN PALM,OPEN PALM,100.0
OPEN PALM,OPEN PALM,98.66666666666667
OPEN PALM,OPEN PALM,99.33333333333333
OPEN PALM,OPEN PALM,99.33333333333333
OPEN PALM,OPEN PALM,98.0
OPEN PALM,OPEN PALM,95.33333333333334
OPEN PALM,OPEN PALM,96.66666666666667
OPEN PALM,OPEN PALM,96.0
OPEN PALM,OPEN PALM,96.66666666666667
OPEN PALM,OPEN PALM,96.66666666666667
OPEN PALM,OPEN PALM,96.66666666666667
OPEN PALM,OPEN PALM,96.66666666666667
OPEN PALM,OPEN PALM,94.66666666666667
OPEN PALM,OPEN PALM,99.33333333333333
OPEN PALM,OPEN PALM,97.33333333333334
OPEN PALM,OPEN PALM,94.66666666666667
OPEN PALM,OPEN PALM,98.66666666666667
OPEN PALM,OPEN PALM,98.66666666666667
OPEN PALM,OPEN PALM,97.33333333333334
OPEN PALM,OPEN PALM,97.33333333333334
OPEN PALM,OPEN PALM,96.0
OPEN PALM,OPEN PALM,89.33333333333333
OPEN PALM,OPEN PALM,92.0
OPEN PALM,OPEN PALM,92.66666666666666
OPEN PALM,OPEN PALM,90.0
OPEN PALM,OPEN PALM,92.66666666666666
OPEN PALM,OPEN PALM,93.33333333333333
OPEN PALM,OPEN PALM,93.33333333333333
OPEN PALM,OPEN PALM,93.33333333333333
OPEN PALM,OPEN PALM,94.66666666666667
OPEN PALM,OPEN PALM,93.33333333333333
OPEN PALM,OPEN PALM,97.33333333333334
OPEN PALM,OPEN PALM,96.0
OPEN PALM,OPEN PALM,94.0
OPEN PALM,OPEN PALM,95.33333333333334
OPEN PALM,OPEN PALM,99.33333333333333
OPEN PALM,OPEN PALM,100.0
OPEN PALM,OPEN PALM,98.0
OPEN PALM,OPEN PALM,99.33333333333333
OPEN PALM,OPEN PALM,99.33333333333333
OPEN PALM,OPEN PALM,94.0
OPEN PALM,OPEN PALM,92.66666666666666
OPEN PALM,OPEN PALM,91.33333333333333
OPEN PALM,OPEN PALM,92.0
OPEN PALM,OPEN PALM,93.33333333333333
OPEN PALM,OPEN PALM,91.33333333333333
OPEN PALM,OPEN PALM,78.66666666666666
OPEN PALM,OPEN PALM,68.0
OPEN PALM,OPEN PALM,61.33333333333333
OPEN PALM,OPEN PALM,61.33333333333333
OPEN PALM,OPEN PALM,52.666666666666664
OPEN PALM,OPEN PALM,48.0
OPEN PALM,OPEN PALM,47.333333333333336
OPEN PALM,OPEN PALM,48.66666666666667
OPEN PALM,OPEN PALM,56.666666666666664
OPEN PALM,OPEN PALM,61.33333333333333
OPEN PALM,OPEN PALM,86.0
OPEN PALM,OPEN PALM,82.0
OPEN PALM,OPEN PALM,76.0
OPEN PALM,OPEN PALM,78.0
OPEN PALM,OPEN PALM,78.0
OPEN PALM,OPEN PALM,77.33333333333333
OPEN PALM,OPEN PALM,77.33333333333333
OPEN PALM,OPEN PALM,77.33333333333333
OPEN PALM,OPEN PALM,64.66666666666666
OPEN PALM,OPEN PALM,60.0
OPEN PALM,OPEN PALM,56.666666666666664
OPEN PALM,OPEN PALM,53.333333333333336
OPEN PALM,OPEN PALM,53.333333333333336
OPEN PALM,OPEN PALM,55.333333333333336
OPEN PALM,OPEN PALM,56.666666666666664
OPEN PALM,OPEN PALM,75.33333333333333
OPEN PALM,OPEN PALM,77.33333333333333
OPEN PALM,OPEN PALM,83.33333333333334
OPEN PALM,OPEN PALM,87.33333333333333
OPEN PALM,OPEN PALM,93.33333333333333
OPEN PALM,OPEN PALM,96.66666666666667
OPEN PALM,OPEN PALM,97.33333333333334
OPEN PALM,OPEN PALM,97.33333333333334
OPEN PALM,OPEN PALM,98.0
OPEN PALM,OPEN PALM,92.66666666666666
OPEN PALM,OPEN PALM,88.66666666666667
OPEN PALM,OPEN PALM,86.66666666666667
OPEN PALM,OPEN PALM,89.33333333333333
OPEN PALM,OPEN PALM,93.33333333333333
OPEN PALM,OPEN PALM,91.33333333333333
OPEN PALM,OPEN PALM,96.0
OPEN PALM,OPEN PALM,92.66666666666666
OPEN PALM,OPEN PALM,93.33333333333333
OPEN PALM,OPEN PALM,92.66666666666666
OPEN PALM,OPEN PALM,92.0
OPEN PALM,OPEN PALM,89.33333333333333
OPEN PALM,OPEN PALM,84.0
OPEN PALM,OPEN PALM,86.66666666666667
OPEN PALM,OPEN PALM,62.66666666666667
OPEN PALM,OPEN PALM,62.66666666666667
OPEN PALM,OPEN PALM,60.66666666666667
OPEN PALM,OPEN PALM,60.66666666666667
OPEN PALM,OPEN PALM,66.0
OPEN PALM,OPEN PALM,78.66666666666666
OPEN PALM,OPEN PALM,91.33333333333333
OPEN PALM,OPEN PALM,96.66666666666667
OPEN PALM,OPEN PALM,96.66666666666667
OPEN PALM,OPEN PALM,96.0
OPEN PALM,OPEN PALM,96.0
OPEN PALM,OPEN PALM,97.33333333333334
OPEN PALM,OPEN PALM,92.66666666666666
OPEN PALM,OPEN PALM,88.0
OPEN PALM,OPEN PALM,81.33333333333333
OPEN PALM,OPEN PALM,62.66666666666667
OPEN PALM,OPEN PALM,58.666666666666664
OPEN PALM,OPEN PALM,65.33333333333333
OPEN PALM,OPEN PALM,62.0
OPEN PALM,OPEN PALM,55.333333333333336
OPEN PALM,OPEN PALM,55.333333333333336
OPEN PALM,OPEN PALM,56.666666666666664
OPEN PALM,OPEN PALM,56.666666666666664
OPEN PALM,OPEN PALM,54.0
OPEN PALM,OPEN PALM,60.66666666666667
OPEN PALM,OPEN PALM,68.66666666666667
OPEN PALM,OPEN PALM,74.0
OPEN PALM,OPEN PALM,83.33333333333334
OPEN PALM,OPEN PALM,94.0
OPEN PALM,OPEN PALM,96.66666666666667
OPEN PALM,OPEN PALM,98.66666666666667
OPEN PALM,OPEN PALM,78.0
OPEN PALM,OPEN PALM,78.0
OPEN PALM,OPEN PALM,66.0
OPEN PALM,OPEN PALM,64.66666666666666
OPEN PALM,OPEN PALM,62.0
OPEN PALM,OPEN PALM,63.33333333333333
OPEN PALM,OPEN PALM,68.0
OPEN PALM,OPEN PALM,64.0
OPEN PALM,OPEN PALM,57.99999999999999
OPEN PALM,OPEN PALM,41.333333333333336
OPEN PALM,OPEN PALM,40.666666666666664
OPEN PALM,OPEN PALM,46.0
OPEN PALM,OPEN PALM,48.66666666666667
OPEN PALM,OPEN PALM,54.0
OPEN PALM,OPEN PALM,64.66666666666666
OPEN PALM,OPEN PALM,94.0
OPEN PALM,OPEN PALM,93.33333333333333
OPEN PALM,OPEN PALM,94.0
OPEN PALM,OPEN PALM,95.33333333333334
OPEN PALM,OPEN PALM,94.66666666666667
OPEN PALM,OPEN PALM,96.66666666666667
OPEN PALM,OPEN PALM,98.0
OPEN PALM,OPEN PALM,97.33333333333334
OPEN PALM,OPEN PALM,91.33333333333333
OPEN PALM,OPEN PALM,87.33333333333333
OPEN PALM,OPEN PALM,78.66666666666666
OPEN PALM,OPEN PALM,80.66666666666666
OPEN PALM,OPEN PALM,83.33333333333334
OPEN PALM,OPEN PALM,85.33333333333334
OPEN PALM,OPEN PALM,96.66666666666667
OPEN PALM,OPEN PALM,87.33333333333333
OPEN PALM,OPEN PALM,94.66666666666667
OPEN PALM,OPEN PALM,92.0
OPEN PALM,OPEN PALM,90.0
OPEN PALM,OPEN PALM,86.0
OPEN PALM,OPEN PALM,86.66666666666667
OPEN PALM,OPEN PALM,86.0
OPEN PALM,OPEN PALM,84.66666666666667
OPEN PALM,OPEN PALM,86.0
OPEN PALM,OPEN PALM,90.0
OPEN PALM,OPEN PALM,87.33333333333333
OPEN PALM,OPEN PALM,89.33333333333333
OPEN PALM,OPEN PALM,90.66666666666666
OPEN PALM,OPEN PALM,90.0
OPEN PALM,OPEN PALM,93.33333333333333
OPEN PALM,OPEN PALM,93.33333333333333
OPEN PALM,OPEN PALM,93.33333333333333
OPEN PALM,OPEN PALM,92.66666666666666
OPEN PALM,OPEN PALM,93.33333333333333
OPEN PALM,OPEN PALM,93.33333333333333
OPEN PALM,OPEN PALM,98.0
OPEN PALM,OPEN PALM,98.0
OPEN PALM,OPEN PALM,94.0
OPEN PALM,OPEN PALM,97.33333333333334
OPEN PALM,OPEN PALM,96.66666666666667
OPEN PALM,OPEN PALM,94.66666666666667
OPEN PALM,OPEN PALM,98.66666666666667
OPEN PALM,OPEN PALM,95.33333333333334
OPEN PALM,OPEN PALM,88.0
OPEN PALM,OPEN PALM,73.33333333333333
OPEN PALM,OPEN PALM,85.33333333333334
OPEN PALM,OPEN PALM,95.33333333333334
OPEN PALM,OPEN PALM,54.666666666666664
OPEN PALM,OPEN PALM,48.66666666666667
OPEN PALM,OPEN PALM,42.66666666666667
OPEN PALM,THREE,39.33333333333333
OPEN PALM,OPEN PALM,36.0
OPEN PALM,THREE,35.333333333333336
OPEN PALM,THREE,37.333333333333336
OPEN PALM,THREE,36.666666666666664
OPEN PALM,THREE,34.66666666666667
OPEN PALM,THREE,36.0
OPEN PALM,OPEN PALM,32.0
OPEN PALM,THREE,31.333333333333336
OPEN PALM,THREE,32.0
OPEN PALM,OPEN PALM,33.33333333333333
OPEN PALM,OPEN PALM,39.33333333333333
OPEN PALM,OPEN PALM,50.66666666666667
OPEN PALM,OPEN PALM,55.333333333333336
OPEN PALM,OPEN PALM,54.666666666666664
OPEN PALM,OPEN PALM,64.0
OPEN PALM,OPEN PALM,57.99999999999999
OPEN PALM,OPEN PALM,53.333333333333336
OPEN PALM,OPEN PALM,42.66666666666667
OPEN PALM,OPEN PALM,38.666666666666664
OPEN PALM,OPEN PALM,59.333333333333336
OPEN PALM,OPEN PALM,65.33333333333333
OPEN PALM,OPEN PALM,72.0
OPEN PALM,OPEN PALM,70.66666666666667
OPEN PALM,OPEN PALM,60.66666666666667
OPEN PALM,OPEN PALM,44.0
OPEN PALM,OPEN PALM,40.666666666666664
OPEN PALM,OPEN PALM,39.33333333333333
OPEN PALM,OPEN PALM,38.0
OPEN PALM,OPEN PALM,36.666666666666664
OPEN PALM,OPEN PALM,66.0
OPEN PALM,OPEN PALM,72.66666666666667
OPEN PALM,OPEN PALM,79.33333333333333
OPEN PALM,OPEN PALM,92.0
OPEN PALM,OPEN PALM,94.0
OPEN PALM,OPEN PALM,94.66666666666667
OPEN PALM,OPEN PALM,84.0
OPEN PALM,OPEN PALM,75.33333333333333
OPEN PALM,OPEN PALM,75.33333333333333
OPEN PALM,OPEN PALM,69.33333333333334
OPEN PALM,OPEN PALM,67.33333333333333
OPEN PALM,OPEN PALM,69.33333333333334
OPEN PALM,OPEN PALM,95.33333333333334
OPEN PALM,OPEN PALM,93.33333333333333
OPEN PALM,OPEN PALM,90.0
OPEN PALM,OPEN PALM,94.66666666666667
OPEN PALM,OPEN PALM,95.33333333333334
OPEN PALM,OPEN PALM,95.33333333333334
OPEN PALM,OPEN PALM,83.33333333333334
OPEN PALM,OPEN PALM,76.66666666666667
OPEN PALM,OPEN PALM,74.66666666666667
OPEN PALM,OPEN PALM,77.33333333333333
OPEN PALM,OPEN PALM,78.0
OPEN PALM,OPEN PALM,81.33333333333333
OPEN PALM,OPEN PALM,84.66666666666667
OPEN PALM,OPEN PALM,84.66666666666667
OPEN PALM,OPEN PALM,83.33333333333334
OPEN PALM,OPEN PALM,79.33333333333333
OPEN PALM,OPEN PALM,78.66666666666666
OPEN PALM,OPEN PALM,79.33333333333333
OPEN PALM,OPEN PALM,78.66666666666666
OPEN PALM,OPEN PALM,85.33333333333334
OPEN PALM,OPEN PALM,84.66666666666667
OPEN PALM,OPEN PALM,84.66666666666667
OPEN PALM,OPEN PALM,85.33333333333334
OPEN PALM,OPEN PALM,85.33333333333334
OPEN PALM,OPEN PALM,86.0
OPEN PALM,OPEN PALM,85.33333333333334
OPEN PALM,OPEN PALM,84.66666666666667
OPEN PALM,OPEN PALM,88.0
OPEN PALM,OPEN PALM,85.33333333333334
OPEN PALM,OPEN PALM,84.66666666666667
OPEN PALM,OPEN PALM,85.33333333333334
OPEN PALM,OPEN PALM,80.66666666666666
OPEN PALM,OPEN PALM,77.33333333333333
OPEN PALM,OPEN PALM,82.66666666666667
OPEN PALM,OPEN PALM,84.66666666666667
OPEN PALM,OPEN PALM,87.33333333333333
OPEN PALM,OPEN PALM,94.66666666666667
OPEN PALM,OPEN PALM,87.33333333333333
OPEN PALM,OPEN PALM,89.33333333333333
OPEN PALM,OPEN PALM,89.33333333333333
OPEN PALM,OPEN PALM,87.33333333333333
OPEN PALM,OPEN PALM,86.0
OPEN PALM,OPEN PALM,90.66666666666666
OPEN PALM,OPEN PALM,90.66666666666666
OPEN PALM,OPEN PALM,92.0
OPEN PALM,OPEN PALM,71.33333333333334
OPEN PALM,OPEN PALM,70.66666666666667
OPEN PALM,OPEN PALM,63.33333333333333
OPEN PALM,OPEN PALM,56.00000000000001
OPEN PALM,OPEN PALM,44.666666666666664
OPEN PALM,OPEN PALM,46.666666666666664
OPEN PALM,OPEN PALM,50.0
OPEN PALM,OPEN PALM,67.33333333333333
OPEN PALM,OPEN PALM,79.33333333333333
OPEN PALM,OPEN PALM,93.33333333333333
OPEN PALM,OPEN PALM,84.66666666666667
OPEN PALM,OPEN PALM,84.0
OPEN PALM,OPEN PALM,66.66666666666666
OPEN PALM,OPEN PALM,62.66666666666667
OPEN PALM,OPEN PALM,50.0
OPEN PALM,OPEN PALM,48.66666666666667
OPEN PALM,OPEN PALM,45.33333333333333
OPEN PALM,OPEN PALM,33.33333333333333
OPEN PALM,OPEN PALM,38.666666666666664
OPEN PALM,OPEN PALM,40.666666666666664
OPEN PALM,OPEN PALM,44.0
OPEN PALM,OPEN PALM,56.666666666666664
OPEN PALM,OPEN PALM,92.0
OPEN PALM,OPEN PALM,97.33333333333334
OPEN PALM,OPEN PALM,98.66666666666667
OPEN PALM,OPEN PALM,95.33333333333334
OPEN PALM,OPEN PALM,90.0
OPEN PALM,OPEN PALM,92.66666666666666
OPEN PALM,OPEN PALM,61.33333333333333
OPEN PALM,OPEN PALM,62.66666666666667
OPEN PALM,OPEN PALM,61.33333333333333
OPEN PALM,OPEN PALM,67.33333333333333
OPEN PALM,OPEN PALM,70.0
OPEN PALM,OPEN PALM,72.66666666666667
OPEN PALM,OPEN PALM,93.33333333333333
OPEN PALM,OPEN PALM,96.66666666666667
OPEN PALM,OPEN PALM,98.66666666666667
OPEN PALM,OPEN PALM,97.33333333333334
OPEN PALM,OPEN PALM,96.66666666666667
OPEN PALM,OPEN PALM,96.66666666666667
OPEN PALM,OPEN PALM,96.66666666666667
OPEN PALM,OPEN PALM,96.66666666666667
OPEN PALM,OPEN PALM,96.66666666666667
OPEN PALM,OPEN PALM,87.33333333333333
OPEN PALM,OPEN PALM,87.33333333333333
OPEN PALM,OPEN PALM,90.66666666666666
OPEN PALM,OPEN PALM,92.0
OPEN PALM,OPEN PALM,90.0
OPEN PALM,OPEN PALM,86.0
OPEN PALM,OPEN PALM,84.66666666666667
OPEN PALM,OPEN PALM,86.66666666666667
OPEN PALM,OPEN PALM,86.66666666666667
OPEN PALM,OPEN PALM,87.33333333333333
OPEN PALM,OPEN PALM,90.66666666666666
OPEN PALM,OPEN PALM,90.66666666666666
OPEN PALM,OPEN PALM,88.66666666666667
OPEN PALM,OPEN PALM,89.33333333333333
OPEN PALM,OPEN PALM,88.66666666666667
OPEN PALM,OPEN PALM,88.0
OPEN PALM,OPEN PALM,89.33333333333333
OPEN PALM,OPEN PALM,84.0
OPEN PALM,OPEN PALM,80.66666666666666
OPEN PALM,OPEN PALM,84.0
OPEN PALM,OPEN PALM,87.33333333333333
OPEN PALM,OPEN PALM,81.33333333333333
OPEN PALM,OPEN PALM,96.0
OPEN PALM,OPEN PALM,95.33333333333334
OPEN PALM,OPEN PALM,90.0
OPEN PALM,OPEN PALM,99.33333333333333
OPEN PALM,OPEN PALM,95.33333333333334
OPEN PALM,OPEN PALM,92.0
OPEN PALM,OPEN PALM,94.0
OPEN PALM,OPEN PALM,91.33333333333333
OPEN PALM,OPEN PALM,60.66666666666667
OPEN PALM,OPEN PALM,62.0
OPEN PALM,OPEN PALM,57.99999999999999
OPEN PALM,OPEN PALM,56.666666666666664
OPEN PALM,OPEN PALM,49.333333333333336
OPEN PALM,OPEN PALM,48.66666666666667
OPEN PALM,OPEN PALM,44.666666666666664
OPEN PALM,OPEN PALM,40.666666666666664
OPEN PALM,OPEN PALM,38.0
OPEN PALM,OPEN PALM,36.0
OPEN PALM,OPEN PALM,40.0
OPEN PALM,OPEN PALM,46.666666666666664
OPEN PALM,OPEN PALM,60.66666666666667
OPEN PALM,OPEN PALM,75.33333333333333
OPEN PALM,OPEN PALM,86.0
OPEN PALM,OPEN PALM,60.66666666666667
OPEN PALM,OPEN PALM,57.99999999999999
OPEN PALM,OPEN PALM,46.666666666666664
OPEN PALM,OPEN PALM,45.33333333333333
OPEN PALM,OPEN PALM,35.333333333333336
OPEN PALM,THREE,37.333333333333336
OPEN PALM,THREE,36.0
OPEN PALM,THREE,36.666666666666664
OPEN PALM,THREE,34.0
OPEN PALM,OPEN PALM,38.666666666666664
OPEN PALM,OPEN PALM,67.33333333333333
OPEN PALM,OPEN PALM,76.66666666666667
OPEN PALM,OPEN PALM,78.66666666666666
OPEN PALM,OPEN PALM,80.66666666666666
OPEN PALM,OPEN PALM,84.66666666666667
OPEN PALM,OPEN PALM,96.0
OPEN PALM,OPEN PALM,95.33333333333334
OPEN PALM,OPEN PALM,96.66666666666667
OPEN PALM,OPEN PALM,98.0
OPEN PALM,OPEN PALM,96.66666666666667
OPEN PALM,OPEN PALM,97.33333333333334
OPEN PALM,OPEN PALM,96.0
OPEN PALM,OPEN PALM,95.33333333333334
OPEN PALM,OPEN PALM,94.0
OPEN PALM,OPEN PALM,95.33333333333334
OPEN PALM,OPEN PALM,94.0
OPEN PALM,OPEN PALM,94.66666666666667
OPEN PALM,OPEN PALM,86.66666666666667
OPEN PALM,OPEN PALM,88.0
OPEN PALM,OPEN PALM,92.66666666666666
OPEN PALM,OPEN PALM,91.33333333333333
OPEN PALM,OPEN PALM,89.33333333333333
OPEN PALM,OPEN PALM,86.0
OPEN PALM,OPEN PALM,88.0
OPEN PALM,OPEN PALM,95.33333333333334
OPEN PALM,OPEN PALM,87.33333333333333
OPEN PALM,OPEN PALM,85.33333333333334
OPEN PALM,OPEN PALM,96.66666666666667
OPEN PALM,OPEN PALM,97.33333333333334
OPEN PALM,OPEN PALM,94.66666666666667
OPEN PALM,OPEN PALM,96.0
OPEN PALM,OPEN PALM,96.66666666666667
OPEN PALM,OPEN PALM,98.66666666666667
OPEN PALM,OPEN PALM,98.0
OPEN PALM,OPEN PALM,97.33333333333334
OPEN PALM,OPEN PALM,97.33333333333334
OPEN PALM,OPEN PALM,92.66666666666666
OPEN PALM,OPEN PALM,96.66666666666667
OPEN PALM,OPEN PALM,99.33333333333333
OPEN PALM,OPEN PALM,94.66666666666667
OPEN PALM,OPEN PALM,97.33333333333334
OPEN PALM,OPEN PALM,88.0
OPEN PALM,OPEN PALM,90.0
OPEN PALM,OPEN PALM,94.66666666666667
OPEN PALM,OPEN PALM,94.66666666666667
OPEN PALM,OPEN PALM,96.66666666666667
OPEN PALM,OPEN PALM,96.66666666666667
OPEN PALM,OPEN PALM,97.33333333333334
OPEN PALM,OPEN PALM,95.33333333333334
OPEN PALM,OPEN PALM,95.33333333333334
OPEN PALM,OPEN PALM,94.0
OPEN PALM,OPEN PALM,91.33333333333333
OPEN PALM,OPEN PALM,89.33333333333333
OPEN PALM,OPEN PALM,86.66666666666667
OPEN PALM,OPEN PALM,84.0
OPEN PALM,OPEN PALM,82.0
OPEN PALM,OPEN PALM,80.66666666666666
OPEN PALM,OPEN PALM,79.33333333333333
OPEN PALM,OPEN PALM,77.33333333333333
OPEN PALM,OPEN PALM,74.66666666666667
OPEN PALM,OPEN PALM,73.33333333333333
OPEN PALM,OPEN PALM,67.33333333333333
OPEN PALM,OPEN PALM,62.66666666666667
OPEN PALM,OPEN PALM,56.00000000000001
OPEN PALM,OPEN PALM,54.666666666666664
OPEN PALM,OPEN PALM,50.66666666666667
OPEN PALM,OPEN PALM,50.66666666666667
OPEN PALM,OPEN PALM,50.0
OPEN PALM,OPEN PALM,50.66666666666667
OPEN PALM,OPEN PALM,46.0
OPEN PALM,OPEN PALM,44.666666666666664
OPEN PALM,OPEN PALM,44.0
OPEN PALM,OPEN PALM,47.333333333333336
OPEN PALM,OPEN PALM,56.666666666666664
OPEN PALM,OPEN PALM,67.33333333333333
OPEN PALM,OPEN PALM,82.0
OPEN PALM,OPEN PALM,91.33333333333333
OPEN PALM,OPEN PALM,96.0
OPEN PALM,OPEN PALM,97.33333333333334
OPEN PALM,OPEN PALM,97.33333333333334
OPEN PALM,OPEN PALM,97.33333333333334
OPEN PALM,OPEN PALM,97.33333333333334
OPEN PALM,OPEN PALM,96.66666666666667
OPEN PALM,OPEN PALM,92.66666666666666
OPEN PALM,OPEN PALM,93.33333333333333
OPEN PALM,OPEN PALM,92.0
OPEN PALM,OPEN PALM,86.66666666666667
OPEN PALM,OPEN PALM,93.33333333333333
OPEN PALM,OPEN PALM,85.33333333333334
OPEN PALM,OPEN PALM,88.66666666666667
OPEN PALM,OPEN PALM,87.33333333333333
OPEN PALM,OPEN PALM,89.33333333333333
OPEN PALM,OPEN PALM,97.33333333333334
OPEN PALM,OPEN PALM,95.33333333333334
OPEN PALM,OPEN PALM,96.66666666666667
OPEN PALM,OPEN PALM,94.66666666666667
OPEN PALM,OPEN PALM,98.0
OPEN PALM,OPEN PALM,96.66666666666667
OPEN PALM,OPEN PALM,92.0
OPEN PALM,OPEN PALM,89.33333333333333
OPEN PALM,OPEN PALM,89.33333333333333
OPEN PALM,OPEN PALM,92.0
OPEN PALM,OPEN PALM,92.66666666666666
OPEN PALM,OPEN PALM,96.66666666666667
OPEN PALM,OPEN PALM,94.66666666666667
OPEN PALM,OPEN PALM,98.0
OPEN PALM,OPEN PALM,97.33333333333334
OPEN PALM,OPEN PALM,98.0
OPEN PALM,OPEN PALM,90.66666666666666
OPEN PALM,OPEN PALM,88.66666666666667
OPEN PALM,OPEN PALM,86.66666666666667
OPEN PALM,OPEN PALM,81.33333333333333
OPEN PALM,OPEN PALM,76.66666666666667
OPEN PALM,OPEN PALM,77.33333333333333
OPEN PALM,OPEN PALM,78.0
OPEN PALM,OPEN PALM,79.33333333333333
OPEN PALM,OPEN PALM,80.66666666666666
OPEN PALM,OPEN PALM,80.66666666666666
OPEN PALM,OPEN PALM,94.0
OPEN PALM,OPEN PALM,96.66666666666667
OPEN PALM,OPEN PALM,96.0
OPEN PALM,OPEN PALM,93.33333333333333
OPEN PALM,OPEN PALM,96.0
OPEN PALM,OPEN PALM,94.66666666666667
OPEN PALM,OPEN PALM,96.66666666666667
OPEN PALM,OPEN PALM,98.0
OPEN PALM,OPEN PALM,98.0
OPEN PALM,OPEN PALM,84.0
OPEN PALM,OPEN PALM,80.0
OPEN PALM,OPEN PALM,74.0
OPEN PALM,OPEN PALM,68.66666666666667
OPEN PALM,OPEN PALM,64.66666666666666
OPEN PALM,OPEN PALM,78.66666666666666
OPEN PALM,OPEN PALM,96.66666666666667
OPEN PALM,OPEN PALM,96.0
OPEN PALM,OPEN PALM,96.0
OPEN PALM,OPEN PALM,98.66666666666667
OPEN PALM,OPEN PALM,97.33333333333334
OPEN PALM,OPEN PALM,92.66666666666666
OPEN PALM,OPEN PALM,90.0
OPEN PALM,OPEN PALM,86.0
OPEN PALM,OPEN PALM,92.66666666666666
OPEN PALM,OPEN PALM,97.33333333333334
OPEN PALM,OPEN PALM,94.66666666666667
OPEN PALM,OPEN PALM,96.0
OPEN PALM,OPEN PALM,97.33333333333334
OPEN PALM,OPEN PALM,95.33333333333334
OPEN PALM,OPEN PALM,90.0
OPEN PALM,OPEN PALM,90.0
OPEN PALM,OPEN PALM,92.0
OPEN PALM,OPEN PALM,96.0
OPEN PALM,OPEN PALM,98.66666666666667
OPEN PALM,OPEN PALM,99.33333333333333
OPEN PALM,OPEN PALM,97.33333333333334
OPEN PALM,OPEN PALM,98.0
OPEN PALM,OPEN PALM,98.0
OPEN PALM,OPEN PALM,90.66666666666666
OPEN PALM,OPEN PALM,81.33333333333333
OPEN PALM,OPEN PALM,68.66666666666667
OPEN PALM,OPEN PALM,64.66666666666666
OPEN PALM,OPEN PALM,78.0
OPEN PALM,OPEN PALM,97.33333333333334
OPEN PALM,OPEN PALM,92.66666666666666
OPEN PALM,OPEN PALM,94.66666666666667
OPEN PALM,OPEN PALM,92.66666666666666
OPEN PALM,OPEN PALM,86.0
OPEN PALM,OPEN PALM,80.66666666666666
OPEN PALM,OPEN PALM,64.66666666666666
OPEN PALM,OPEN PALM,75.33333333333333
OPEN PALM,OPEN PALM,86.66666666666667
OPEN PALM,OPEN PALM,94.0
OPEN PALM,OPEN PALM,92.66666666666666
OPEN PALM,OPEN PALM,98.66666666666667
OPEN PALM,OPEN PALM,88.66666666666667
OPEN PALM,OPEN PALM,96.66666666666667
OPEN PALM,OPEN PALM,96.0
OPEN PALM,OPEN PALM,90.66666666666666
OPEN PALM,OPEN PALM,92.0
OPEN PALM,OPEN PALM,86.0
OPEN PALM,OPEN PALM,96.66666666666667
OPEN PALM,OPEN PALM,97.33333333333334
OPEN PALM,OPEN PALM,96.66666666666667
OPEN PALM,OPEN PALM,98.0
OPEN PALM,OPEN PALM,92.66666666666666
OPEN PALM,OPEN PALM,56.666666666666664
OPEN PALM,OPEN PALM,54.0
OPEN PALM,OPEN PALM,57.99999999999999
OPEN PALM,OPEN PALM,78.0
OPEN PALM,OPEN PALM,89.33333333333333
OPEN PALM,OPEN PALM,89.33333333333333
OPEN PALM,OPEN PALM,92.0
OPEN PALM,OPEN PALM,98.0
OPEN PALM,OPEN PALM,96.0
OPEN PALM,OPEN PALM,83.33333333333334
OPEN PALM,OPEN PALM,87.33333333333333
OPEN PALM,OPEN PALM,100.0
OPEN PALM,OPEN PALM,99.33333333333333
OPEN PALM,OPEN PALM,96.66666666666667
OPEN PALM,OPEN PALM,98.66666666666667
OPEN PALM,OPEN PALM,98.0
OPEN PALM,OPEN PALM,98.0
OPEN PALM,OPEN PALM,94.66666666666667
OPEN PALM,OPEN PALM,90.66666666666666
OPEN PALM,OPEN PALM,85.33333333333334
OPEN PALM,OPEN PALM,84.66666666666667
OPEN PALM,OPEN PALM,82.66666666666667
OPEN PALM,OPEN PALM,95.33333333333334
OPEN PALM,OPEN PALM,99.33333333333333
OPEN PALM,OPEN PALM,98.0
OPEN PALM,OPEN PALM,98.66666666666667
OPEN PALM,OPEN PALM,92.66666666666666
OPEN PALM,OPEN PALM,96.66666666666667
FIST,FIST,100.0
FIST,FIST,100.0
FIST,FIST,100.0
FIST,FIST,98.66666666666667
FIST,FIST,98.0
FIST,FIST,99.33333333333333
FIST,FIST,99.33333333333333
FIST,FIST,100.0
FIST,FIST,100.0
FIST,FIST,100.0
FIST,FIST,100.0
FIST,FIST,100.0
FIST,FIST,100.0
FIST,FIST,98.66666666666667
FIST,FIST,98.66666666666667
FIST,FIST,100.0
FIST,FIST,100.0
FIST,FIST,100.0
FIST,FIST,100.0
FIST,FIST,100.0
FIST,FIST,100.0
FIST,FIST,100.0
FIST,FIST,100.0
FIST,FIST,100.0
FIST,FIST,100.0
FIST,FIST,100.0
FIST,FIST,99.33333333333333
FIST,FIST,99.33333333333333
FIST,FIST,100.0
FIST,FIST,100.0
FIST,FIST,100.0
FIST,FIST,98.66666666666667
FIST,FIST,100.0
FIST,FIST,100.0
FIST,FIST,100.0
FIST,FIST,100.0
FIST,FIST,98.66666666666667
FIST,FIST,100.0
FIST,FIST,100.0
FIST,FIST,100.0
FIST,FIST,100.0
FIST,FIST,100.0
FIST,FIST,100.0
FIST,FIST,100.0
FIST,FIST,100.0
FIST,FIST,100.0
FIST,FIST,99.33333333333333
FIST,FIST,100.0
FIST,FIST,97.33333333333334
FIST,FIST,97.33333333333334
FIST,FIST,100.0
FIST,FIST,99.33333333333333
FIST,FIST,100.0
FIST,FIST,100.0
FIST,FIST,91.33333333333333
FIST,FIST,86.66666666666667
FIST,FIST,84.66666666666667
FIST,FIST,89.33333333333333
FIST,FIST,98.0
FIST,FIST,100.0
FIST,FIST,100.0
FIST,FIST,100.0
FIST,FIST,98.66666666666667
FIST,FIST,97.33333333333334
FIST,FIST,98.66666666666667
FIST,FIST,100.0
FIST,FIST,98.0
FIST,FIST,99.33333333333333
FIST,FIST,100.0
FIST,FIST,100.0
FIST,FIST,100.0
FIST,FIST,99.33333333333333
FIST,FIST,99.33333333333333
FIST,FIST,98.66666666666667
FIST,FIST,98.66666666666667
FIST,FIST,99.33333333333333
FIST,FIST,100.0
FIST,FIST,100.0
FIST,FIST,100.0
FIST,FIST,98.66666666666667
FIST,FIST,98.66666666666667
FIST,FIST,99.33333333333333
FIST,FIST,99.33333333333333
FIST,FIST,99.33333333333333
FIST,FIST,98.66666666666667
FIST,FIST,98.66666666666667
FIST,FIST,99.33333333333333
FIST,FIST,100.0
FIST,FIST,99.33333333333333
FIST,FIST,98.66666666666667
FIST,FIST,98.0
FIST,FIST,98.66666666666667
FIST,FIST,99.33333333333333
FIST,FIST,98.66666666666667
FIST,FIST,97.33333333333334
FIST,FIST,97.33333333333334
FIST,FIST,97.33333333333334
FIST,FIST,95.33333333333334
FIST,FIST,96.66666666666667
FIST,FIST,96.66666666666667
FIST,FIST,98.0
FIST,FIST,98.0
FIST,FIST,98.0
FIST,FIST,100.0
FIST,FIST,100.0
FIST,FIST,99.33333333333333
FIST,FIST,99.33333333333333
FIST,FIST,99.33333333333333
FIST,FIST,73.33333333333333
FIST,FIST,82.66666666666667
FIST,FIST,90.0
FIST,FIST,98.0
FIST,FIST,97.33333333333334
FIST,FIST,98.66666666666667
FIST,FIST,94.0
FIST,FIST,97.33333333333334
FIST,FIST,98.66666666666667
FIST,FIST,96.66666666666667
FIST,FIST,95.33333333333334
FIST,FIST,94.66666666666667
FIST,FIST,95.33333333333334
FIST,FIST,99.33333333333333
FIST,FIST,97.33333333333334
FIST,FIST,98.66666666666667
FIST,FIST,86.66666666666667
FIST,FIST,97.33333333333334
FIST,FIST,97.33333333333334
FIST,FIST,98.66666666666667
FIST,FIST,98.66666666666667
FIST,FIST,96.66666666666667
FIST,FIST,96.66666666666667
FIST,FIST,96.0
FIST,FIST,98.0
FIST,FIST,97.33333333333334
FIST,FIST,88.0
FIST,FIST,92.66666666666666
FIST,FIST,97.33333333333334
FIST,FIST,99.33333333333333
FIST,FIST,96.0
FIST,FIST,91.33333333333333
FIST,FIST,95.33333333333334
FIST,FIST,96.66666666666667
FIST,FIST,98.0
FIST,FIST,99.33333333333333
FIST,FIST,99.33333333333333
FIST,FIST,84.0
FIST,FIST,85.33333333333334
FIST,FIST,86.0
FIST,FIST,88.66666666666667
FIST,FIST,90.66666666666666
FIST,FIST,82.66666666666667
FIST,FIST,81.33333333333333
FIST,FIST,75.33333333333333
FIST,FIST,71.33333333333334
FIST,FIST,73.33333333333333
FIST,FIST,70.0
FIST,FIST,67.33333333333333
FIST,FIST,72.0
FIST,FIST,74.0
FIST,FIST,94.0
FIST,FIST,96.0
FIST,FIST,94.66666666666667
FIST,FIST,100.0
FIST,FIST,99.33333333333333
FIST,FIST,99.33333333333333
FIST,FIST,99.33333333333333
FIST,FIST,100.0
FIST,FIST,97.33333333333334
FIST,FIST,96.66666666666667
FIST,FIST,96.0
FIST,FIST,93.33333333333333
FIST,FIST,96.66666666666667
FIST,FIST,92.66666666666666
FIST,FIST,98.0
FIST,FIST,96.66666666666667
FIST,FIST,95.33333333333334
FIST,FIST,96.0
FIST,FIST,97.33333333333334
FIST,FIST,94.66666666666667
FIST,FIST,100.0
FIST,FIST,99.33333333333333
FIST,FIST,100.0
FIST,FIST,100.0
FIST,FIST,100.0
FIST,FIST,92.0
FIST,FIST,78.66666666666666
FIST,FIST,79.33333333333333
FIST,FIST,83.33333333333334
FIST,FIST,83.33333333333334
FIST,FIST,86.0
FIST,FIST,84.0
FIST,FIST,78.0
FIST,FIST,76.0
FIST,FIST,80.66666666666666
FIST,FIST,85.33333333333334
FIST,FIST,83.33333333333334
FIST,FIST,82.66666666666667
FIST,FIST,81.33333333333333
FIST,FIST,96.66666666666667
FIST,FIST,94.0
FIST,FIST,90.66666666666666
FIST,FIST,68.66666666666667
FIST,FIST,68.66666666666667
FIST,FIST,56.666666666666664
FIST,THUMBS UP,50.66666666666667
FIST,FIST,48.0
FIST,FIST,61.33333333333333
FIST,FIST,67.33333333333333
FIST,FIST,71.33333333333334
FIST,FIST,84.0
FIST,FIST,79.33333333333333
FIST,FIST,83.33333333333334
FIST,FIST,94.0
FIST,FIST,98.66666666666667
FIST,FIST,98.66666666666667
FIST,FIST,99.33333333333333
FIST,FIST,100.0
FIST,FIST,100.0
FIST,FIST,98.66666666666667
FIST,FIST,99.33333333333333
FIST,FIST,99.33333333333333
FIST,FIST,99.33333333333333
FIST,FIST,94.66666666666667
FIST,FIST,96.0
FIST,FIST,99.33333333333333
FIST,FIST,100.0
FIST,FIST,100.0
FIST,FIST,100.0
FIST,FIST,100.0
FIST,FIST,97.33333333333334
FIST,FIST,99.33333333333333
FIST,FIST,96.66666666666667
FIST,FIST,86.66666666666667
FIST,FIST,96.0
FIST,FIST,99.33333333333333
FIST,FIST,100.0
FIST,FIST,100.0
FIST,FIST,99.33333333333333
FIST,FIST,62.0
FIST,FIST,72.0
FIST,FIST,84.66666666666667
FIST,FIST,99.33333333333333
FIST,FIST,98.0
FIST,FIST,99.33333333333333
FIST,FIST,96.0
FIST,FIST,34.66666666666667
FIST,FIST,50.66666666666667
FIST,FIST,61.33333333333333
FIST,FIST,100.0
FIST,FIST,94.66666666666667
FIST,FIST,92.0
FIST,FIST,89.33333333333333
FIST,FIST,96.66666666666667
FIST,FIST,86.66666666666667
FIST,FIST,73.33333333333333
FIST,FIST,87.33333333333333
FIST,FIST,91.33333333333333
FIST,FIST,91.33333333333333
FIST,FIST,93.33333333333333
FIST,FIST,82.0
FIST,FIST,86.0
FIST,FIST,78.0
FIST,FIST,67.33333333333333
FIST,FIST,65.33333333333333
FIST,FIST,84.66666666666667
FIST,FIST,85.33333333333334
FIST,FIST,97.33333333333334
FIST,FIST,97.33333333333334
FIST,FIST,82.0
FIST,FIST,77.33333333333333
FIST,FIST,75.33333333333333
FIST,FIST,70.66666666666667
FIST,FIST,75.33333333333333
FIST,FIST,72.0
FIST,FIST,66.0
FIST,FIST,83.33333333333334
FIST,FIST,95.33333333333334
FIST,FIST,94.66666666666667
FIST,FIST,96.66666666666667
FIST,FIST,92.66666666666666
FIST,FIST,96.0
FIST,FIST,96.0
FIST,FIST,95.33333333333334
FIST,FIST,95.33333333333334
FIST,FIST,90.66666666666666
FIST,FIST,96.66666666666667
FIST,FIST,95.33333333333334
FIST,FIST,98.66666666666667
FIST,FIST,87.33333333333333
FIST,FIST,76.0
FIST,FIST,66.66666666666666
FIST,FIST,60.0
FIST,FIST,68.66666666666667
FIST,FIST,80.66666666666666
FIST,FIST,95.33333333333334
FIST,FIST,97.33333333333334
FIST,FIST,100.0
FIST,FIST,98.66666666666667
FIST,FIST,91.33333333333333
FIST,FIST,86.66666666666667
FIST,FIST,86.0
FIST,FIST,89.33333333333333
FIST,FIST,88.0
FIST,FIST,88.0
FIST,FIST,82.0
FIST,FIST,78.0
FIST,FIST,79.33333333333333
FIST,FIST,73.33333333333333
FIST,FIST,70.66666666666667
FIST,FIST,62.66666666666667
FIST,FIST,59.333333333333336
FIST,FIST,62.0
FIST,FIST,63.33333333333333
FIST,FIST,59.333333333333336
FIST,FIST,68.0
FIST,FIST,78.66666666666666
FIST,FIST,82.66666666666667
FIST,FIST,83.33333333333334
FIST,FIST,63.33333333333333
FIST,FIST,61.33333333333333
FIST,FIST,49.333333333333336
FIST,FIST,52.666666666666664
FIST,FIST,46.666666666666664
FIST,FIST,64.0
FIST,FIST,93.33333333333333
FIST,FIST,96.0
FIST,FIST,95.33333333333334
FIST,FIST,97.33333333333334
FIST,FIST,70.0
FIST,FIST,63.33333333333333
FIST,FIST,60.66666666666667
FIST,FIST,76.66666666666667
FIST,FIST,78.0
FIST,FIST,78.66666666666666
FIST,FIST,86.66666666666667
FIST,FIST,90.66666666666666
FIST,FIST,89.33333333333333
FIST,FIST,94.66666666666667
FIST,FIST,76.0
FIST,FIST,78.66666666666666
FIST,FIST,71.33333333333334
FIST,FIST,77.33333333333333
FIST,FIST,46.666666666666664
FIST,FIST,74.66666666666667
FIST,FIST,84.66666666666667
FIST,FIST,78.66666666666666
FIST,FIST,91.33333333333333
FIST,FIST,88.66666666666667
FIST,FIST,90.0
FIST,FIST,89.33333333333333
FIST,FIST,90.0
FIST,FIST,85.33333333333334
FIST,FIST,76.0
FIST,FIST,64.0
FIST,FIST,66.0
FIST,FIST,78.66666666666666
FIST,FIST,87.33333333333333
FIST,FIST,92.66666666666666
FIST,FIST,81.33333333333333
FIST,FIST,74.66666666666667
FIST,FIST,64.66666666666666
FIST,FIST,46.0
FIST,FIST,40.666666666666664
FIST,FIST,42.66666666666667
FIST,FIST,61.33333333333333
FIST,FIST,94.0
FIST,FIST,88.66666666666667
FIST,FIST,88.66666666666667
FIST,FIST,94.66666666666667
FIST,FIST,48.66666666666667
FIST,FIST,48.66666666666667
FIST,FIST,36.666666666666664
FIST,FIST,36.0
FIST,FIST,90.0
FIST,FIST,88.66666666666667
FIST,FIST,85.33333333333334
FIST,FIST,82.66666666666667
FIST,FIST,70.0
FIST,FIST,34.66666666666667
FIST,FIST,52.666666666666664
FIST,FIST,66.66666666666666
FIST,FIST,77.33333333333333
FIST,FIST,83.33333333333334
FIST,FIST,89.33333333333333
FIST,FIST,92.66666666666666
FIST,FIST,92.0
FIST,FIST,89.33333333333333
FIST,FIST,96.0
FIST,FIST,100.0
FIST,FIST,99.33333333333333
FIST,FIST,100.0
FIST,FIST,100.0
FIST,FIST,99.33333333333333
FIST,FIST,98.66666666666667
FIST,FIST,96.66666666666667
FIST,FIST,92.66666666666666
FIST,FIST,93.33333333333333
FIST,FIST,100.0
FIST,FIST,98.66666666666667
FIST,FIST,98.0
FIST,FIST,99.33333333333333
FIST,FIST,99.33333333333333
FIST,FIST,92.0
FIST,FIST,92.66666666666666
FIST,FIST,95.33333333333334
FIST,FIST,92.66666666666666
FIST,FIST,90.0
FIST,FIST,92.66666666666666
FIST,FIST,86.0
FIST,FIST,82.0
FIST,FIST,74.66666666666667
FIST,FIST,66.0
FIST,FIST,70.0
FIST,FIST,76.66666666666667
FIST,FIST,78.66666666666666
FIST,FIST,77.33333333333333
FIST,FIST,79.33333333333333
FIST,FIST,70.0
FIST,FIST,68.0
FIST,FIST,53.333333333333336
FIST,THUMBS UP,45.33333333333333
FIST,THUMBS UP,42.66666666666667
FIST,FIST,54.666666666666664
FIST,FIST,58.666666666666664
FIST,FIST,64.66666666666666
FIST,FIST,68.66666666666667
FIST,FIST,62.66666666666667
FIST,FIST,76.66666666666667
FIST,FIST,89.33333333333333
FIST,FIST,94.0
FIST,FIST,99.33333333333333
FIST,FIST,98.66666666666667
FIST,FIST,95.33333333333334
FIST,FIST,99.33333333333333
FIST,FIST,97.33333333333334
FIST,FIST,94.0
FIST,FIST,99.33333333333333
FIST,FIST,98.66666666666667
FIST,FIST,100.0
FIST,FIST,99.33333333333333
FIST,FIST,98.66666666666667
FIST,FIST,99.33333333333333
FIST,FIST,100.0
FIST,FIST,99.33333333333333
FIST,FIST,100.0
FIST,FIST,99.33333333333333
FIST,FIST,88.66666666666667
FIST,FIST,100.0
FIST,FIST,99.33333333333333
FIST,FIST,99.33333333333333
FIST,FIST,100.0
FIST,FIST,99.33333333333333
FIST,FIST,100.0
FIST,FIST,98.0
FIST,FIST,99.33333333333333
FIST,FIST,99.33333333333333
FIST,FIST,99.33333333333333
FIST,FIST,82.66666666666667
FIST,FIST,82.66666666666667
FIST,FIST,89.33333333333333
FIST,FIST,98.0
FIST,FIST,99.33333333333333
FIST,FIST,94.66666666666667
FIST,FIST,95.33333333333334
FIST,FIST,92.0
FIST,FIST,91.33333333333333
FIST,FIST,94.0
FIST,FIST,92.0
FIST,FIST,84.66666666666667
FIST,FIST,82.66666666666667
FIST,FIST,90.66666666666666
FIST,FIST,84.66666666666667
FIST,FIST,97.33333333333334
FIST,FIST,96.0
FIST,FIST,85.33333333333334
FIST,FIST,87.33333333333333
FIST,FIST,88.0
FIST,FIST,94.66666666666667
FIST,FIST,97.33333333333334
FIST,FIST,96.0
FIST,FIST,99.33333333333333
FIST,FIST,99.33333333333333
FIST,FIST,100.0
FIST,FIST,97.33333333333334
FIST,FIST,92.0
FIST,FIST,90.0
FIST,FIST,100.0
FIST,FIST,100.0
FIST,FIST,100.0
FIST,FIST,97.33333333333334
FIST,FIST,99.33333333333333
FIST,FIST,97.33333333333334
FIST,FIST,95.33333333333334
FIST,FIST,91.33333333333333
FIST,FIST,90.66666666666666
FIST,FIST,86.0
FIST,FIST,88.0
FIST,FIST,89.33333333333333
FIST,FIST,82.66666666666667
FIST,FIST,84.0
FIST,FIST,100.0
FIST,FIST,100.0
FIST,FIST,100.0
FIST,FIST,100.0
FIST,FIST,100.0
FIST,FIST,100.0
FIST,FIST,100.0
FIST,FIST,96.0
FIST,FIST,100.0
FIST,FIST,97.33333333333334
FIST,FIST,97.33333333333334
FIST,FIST,100.0
FIST,FIST,100.0
FIST,FIST,100.0
FIST,FIST,98.66666666666667
FIST,FIST,98.0
FIST,FIST,96.0
FIST,FIST,85.33333333333334
FIST,FIST,98.0
FIST,FIST,98.0
FIST,FIST,98.0
FIST,FIST,99.33333333333333
FIST,FIST,100.0
FIST,FIST,98.0
FIST,FIST,98.66666666666667
FIST,FIST,97.33333333333334
FIST,FIST,86.0
FIST,FIST,89.33333333333333
FIST,FIST,98.0
FIST,FIST,100.0
FIST,FIST,99.33333333333333
FIST,FIST,100.0
FIST,FIST,100.0
FIST,FIST,100.0
FIST,FIST,98.66666666666667
FIST,FIST,88.0
FIST,FIST,83.33333333333334
FIST,FIST,86.66666666666667
FIST,FIST,100.0
FIST,FIST,99.33333333333333
FIST,FIST,99.33333333333333
FIST,FIST,100.0
FIST,FIST,99.33333333333333
FIST,FIST,96.0
FIST,FIST,87.33333333333333
FIST,FIST,88.0
FIST,FIST,96.66666666666667
FIST,FIST,96.66666666666667
FIST,FIST,100.0
FIST,FIST,99.33333333333333
FIST,FIST,99.33333333333333
FIST,FIST,99.33333333333333
FIST,FIST,96.0
FIST,FIST,74.66666666666667
FIST,FIST,70.0
FIST,FIST,73.33333333333333
FIST,FIST,72.0
FIST,FIST,80.0
FIST,FIST,99.33333333333333
FIST,FIST,99.33333333333333
FIST,FIST,100.0
FIST,FIST,99.33333333333333
FIST,FIST,99.33333333333333
FIST,FIST,100.0
FIST,FIST,98.0
FIST,FIST,87.33333333333333
FIST,FIST,96.66666666666667
FIST,FIST,98.0
FIST,FIST,98.0
FIST,FIST,100.0
FIST,FIST,99.33333333333333
FIST,FIST,100.0
FIST,FIST,100.0
FIST,FIST,98.66666666666667
FIST,FIST,100.0
FIST,FIST,84.0
FIST,FIST,62.0
FIST,FIST,64.0
FIST,FIST,95.33333333333334
FIST,FIST,99.33333333333333
FIST,FIST,98.0
FIST,FIST,99.33333333333333
FIST,FIST,99.33333333333333
FIST,FIST,64.66666666666666
FIST,FIST,89.33333333333333
FIST,FIST,89.33333333333333
FIST,FIST,81.33333333333333
FIST,FIST,98.66666666666667
FIST,FIST,98.66666666666667
FIST,FIST,96.0
FIST,FIST,98.66666666666667
FIST,FIST,62.0
FIST,FIST,80.0
FIST,FIST,83.33333333333334
FIST,FIST,74.0
FIST,FIST,95.33333333333334
FIST,FIST,74.66666666666667
FIST,FIST,91.33333333333333
FIST,FIST,82.66666666666667
FIST,FIST,76.0
FIST,FIST,97.33333333333334
FIST,FIST,97.33333333333334
FIST,FIST,98.0
FIST,FIST,98.66666666666667
FIST,FIST,97.33333333333334
FIST,FIST,98.66666666666667
FIST,FIST,90.66666666666666
FIST,FIST,86.66666666666667
FIST,FIST,90.0
FIST,FIST,86.66666666666667
FIST,FIST,83.33333333333334
FIST,FIST,96.66666666666667
FIST,FIST,98.66666666666667
FIST,FIST,98.0
FIST,FIST,88.0
FIST,FIST,90.66666666666666
FIST,FIST,75.33333333333333
FIST,FIST,72.66666666666667
FIST,FIST,75.33333333333333
FIST,FIST,84.0
FIST,FIST,84.0
FIST,FIST,98.66666666666667
FIST,FIST,92.66666666666666
FIST,FIST,89.33333333333333
FIST,FIST,78.0
FIST,FIST,77.33333333333333
FIST,FIST,75.33333333333333
FIST,FIST,80.66666666666666
FIST,FIST,91.33333333333333
FIST,FIST,92.0
FIST,FIST,98.0
FIST,FIST,97.33333333333334
FIST,FIST,80.66666666666666
FIST,FIST,78.0
FIST,FIST,81.33333333333333
FIST,FIST,82.0
FIST,FIST,84.66666666666667
FIST,FIST,90.0
FIST,FIST,96.0
FIST,FIST,97.33333333333334
FIST,FIST,96.66666666666667
FIST,FIST,97.33333333333334
FIST,FIST,82.66666666666667
FIST,FIST,84.0
FIST,FIST,81.33333333333333
FIST,FIST,83.33333333333334
FIST,FIST,76.66666666666667
FIST,FIST,68.66666666666667
FIST,FIST,80.66666666666666
FIST,FIST,55.333333333333336
FIST,FIST,94.0
FIST,FIST,84.66666666666667
FIST,FIST,83.33333333333334
FIST,FIST,85.33333333333334
FIST,FIST,86.0
FIST,FIST,92.66666666666666
FIST,FIST,89.33333333333333
FIST,FIST,99.33333333333333
FIST,FIST,90.66666666666666
FIST,FIST,89.33333333333333
FIST,FIST,92.66666666666666
FIST,FIST,94.66666666666667
FIST,FIST,90.0
FIST,FIST,61.33333333333333
FIST,FIST,54.0
FIST,FIST,36.666666666666664
FIST,FIST,27.333333333333332
FIST,FIST,38.666666666666664
FIST,FIST,58.666666666666664
FIST,FIST,72.66666666666667
FIST,FIST,70.66666666666667
FIST,FIST,69.33333333333334
FIST,FIST,96.0
FIST,FIST,99.33333333333333
FIST,FIST,64.0
FIST,FIST,72.66666666666667
FIST,FIST,70.66666666666667
FIST,FIST,50.66666666666667
FIST,PINKY,38.666666666666664
FIST,FIST,85.33333333333334
FIST,FIST,90.66666666666666
FIST,FIST,90.66666666666666
FIST,FIST,88.66666666666667
FIST,FIST,92.0
FIST,FIST,94.66666666666667
FIST,FIST,92.66666666666666
FIST,FIST,84.0
FIST,FIST,86.0
FIST,FIST,92.0
FIST,FIST,92.66666666666666
FIST,FIST,91.33333333333333
FIST,FIST,88.66666666666667
FIST,FIST,94.0
FIST,FIST,87.33333333333333
FIST,FIST,92.66666666666666
FIST,FIST,84.0
FIST,FIST,90.0
FIST,FIST,86.0
FIST,FIST,94.0
FIST,FIST,91.33333333333333
FIST,FIST,98.0
FIST,FIST,97.33333333333334
FIST,FIST,98.66666666666667
FIST,FIST,95.33333333333334
FIST,FIST,96.66666666666667
FIST,FIST,87.33333333333333
FIST,FIST,96.0
FIST,FIST,97.33333333333334
FIST,FIST,88.66666666666667
FIST,FIST,87.33333333333333
FIST,FIST,85.33333333333334
FIST,FIST,82.0
FIST,FIST,88.0
FIST,FIST,82.0
FIST,FIST,74.0
FIST,FIST,90.66666666666666
FIST,FIST,93.33333333333333
FIST,FIST,96.66666666666667
FIST,FIST,88.0
FIST,FIST,97.33333333333334
FIST,FIST,99.33333333333333
FIST,FIST,96.0
FIST,FIST,98.66666666666667
FIST,FIST,96.66666666666667
FIST,FIST,94.0
FIST,FIST,90.0
FIST,FIST,92.66666666666666
FIST,FIST,92.0
FIST,FIST,93.33333333333333
FIST,FIST,95.33333333333334
FIST,FIST,96.0
FIST,FIST,87.33333333333333
FIST,FIST,86.66666666666667
FIST,FIST,84.0
FIST,FIST,85.33333333333334
FIST,FIST,85.33333333333334
FIST,FIST,87.33333333333333
FIST,FIST,81.33333333333333
FIST,FIST,97.33333333333334
FIST,FIST,85.33333333333334
FIST,FIST,85.33333333333334
FIST,FIST,80.66666666666666
FIST,FIST,82.0
FIST,FIST,82.0
FIST,FIST,85.33333333333334
FIST,FIST,88.0
FIST,FIST,96.66666666666667
FIST,FIST,97.33333333333334
FIST,FIST,97.33333333333334
FIST,FIST,90.0
FIST,FIST,87.33333333333333
FIST,FIST,85.33333333333334
FIST,FIST,84.0
FIST,FIST,93.33333333333333
FIST,FIST,96.0
FIST,FIST,93.33333333333333
FIST,FIST,93.33333333333333
FIST,FIST,92.66666666666666
FIST,FIST,93.33333333333333
FIST,FIST,97.33333333333334
FIST,FIST,91.33333333333333
FIST,FIST,88.66666666666667
FIST,FIST,86.66666666666667
FIST,FIST,96.0
FIST,FIST,94.0
FIST,FIST,87.33333333333333
FIST,FIST,76.66666666666667
FIST,FIST,91.33333333333333
FIST,FIST,96.66666666666667
FIST,FIST,93.33333333333333
FIST,FIST,82.0
FIST,FIST,72.66666666666667
FIST,FIST,82.66666666666667
FIST,FIST,70.66666666666667
FIST,FIST,64.0
FIST,FIST,88.66666666666667
FIST,FIST,88.0
FIST,FIST,88.66666666666667
FIST,FIST,84.66666666666667
FIST,FIST,80.0
FIST,FIST,70.0
FIST,FIST,83.33333333333334
FIST,FIST,92.66666666666666
FIST,FIST,94.66666666666667
FIST,FIST,97.33333333333334
FIST,FIST,96.0
FIST,FIST,90.66666666666666
FIST,FIST,93.33333333333333
FIST,FIST,91.33333333333333
FIST,FIST,93.33333333333333
FIST,FIST,92.66666666666666
FIST,FIST,87.33333333333333
FIST,FIST,74.0
FIST,FIST,91.33333333333333
FIST,FIST,91.33333333333333
FIST,FIST,92.0
FIST,FIST,79.33333333333333
FIST,PINKY,44.666666666666664
FIST,FIST,76.66666666666667
FIST,FIST,94.0
FIST,FIST,100.0
FIST,FIST,93.33333333333333
FIST,FIST,92.0
FIST,FIST,93.33333333333333
FIST,FIST,89.33333333333333
FIST,FIST,96.66666666666667
FIST,FIST,89.33333333333333
FIST,FIST,88.66666666666667
FIST,FIST,80.0
FIST,FIST,82.66666666666667
FIST,FIST,90.66666666666666
FIST,FIST,83.33333333333334
FIST,FIST,74.66666666666667
FIST,FIST,75.33333333333333
FIST,FIST,71.33333333333334
FIST,FIST,74.0
FIST,FIST,66.0
FIST,FIST,65.33333333333333
FIST,FIST,68.0
FIST,FIST,68.0
FIST,FIST,56.666666666666664
FIST,FIST,57.99999999999999
FIST,FIST,65.33333333333333
FIST,FIST,59.333333333333336
FIST,FIST,59.333333333333336
FIST,FIST,56.666666666666664
FIST,FIST,57.99999999999999
FIST,FIST,54.666666666666664
FIST,FIST,61.33333333333333
FIST,FIST,66.66666666666666
FIST,FIST,72.0
FIST,FIST,88.0
FIST,FIST,94.66666666666667
FIST,FIST,99.33333333333333
FIST,FIST,99.33333333333333
FIST,FIST,100.0
FIST,FIST,99.33333333333333
FIST,FIST,99.33333333333333
FIST,FIST,99.33333333333333
FIST,FIST,99.33333333333333
FIST,FIST,99.33333333333333
FIST,FIST,100.0
FIST,FIST,98.66666666666667
FIST,FIST,99.33333333333333
FIST,FIST,98.66666666666667
FIST,FIST,99.33333333333333
FIST,FIST,100.0
FIST,FIST,100.0
FIST,FIST,99.33333333333333
FIST,FIST,96.0
FIST,FIST,94.66666666666667
FIST,FIST,92.66666666666666
FIST,FIST,91.33333333333333
FIST,FIST,90.66666666666666
FIST,FIST,92.0
FIST,FIST,97.33333333333334
FIST,FIST,99.33333333333333
FIST,FIST,99.33333333333333
FIST,FIST,98.0
FIST,FIST,92.66666666666666
FIST,FIST,98.0
FIST,FIST,99.33333333333333
FIST,FIST,96.66666666666667
FIST,FIST,93.33333333333333
FIST,FIST,89.33333333333333
FIST,FIST,80.66666666666666
FIST,FIST,92.0
FIST,FIST,93.33333333333333
FIST,FIST,92.66666666666666
FIST,FIST,86.0
FIST,FIST,88.66666666666667
FIST,FIST,48.66666666666667
FIST,FIST,81.33333333333333
FIST,FIST,94.66666666666667
FIST,FIST,96.66666666666667
FIST,FIST,96.0
FIST,FIST,95.33333333333334
FIST,FIST,100.0
FIST,FIST,98.0
FIST,FIST,98.0
FIST,FIST,98.0
FIST,FIST,98.66666666666667
FIST,FIST,95.33333333333334
FIST,FIST,97.33333333333334
FIST,FIST,99.33333333333333
FIST,FIST,100.0
FIST,FIST,100.0
FIST,FIST,100.0
FIST,FIST,98.0
FIST,FIST,100.0
FIST,FIST,100.0
FIST,FIST,100.0
FIST,FIST,100.0
FIST,FIST,100.0
FIST,FIST,100.0
FIST,FIST,99.33333333333333
FIST,FIST,99.33333333333333
FIST,FIST,98.66666666666667
FIST,FIST,99.33333333333333
FIST,FIST,99.33333333333333
FIST,FIST,100.0
FIST,FIST,99.33333333333333
FIST,FIST,98.66666666666667
FIST,FIST,98.0
FIST,FIST,96.66666666666667
FIST,FIST,99.33333333333333
FIST,FIST,96.0
FIST,FIST,95.33333333333334
FIST,FIST,97.33333333333334
FIST,FIST,93.33333333333333
FIST,FIST,94.66666666666667
FIST,FIST,95.33333333333334
FIST,FIST,94.0
FIST,FIST,95.33333333333334
FIST,FIST,94.0
FIST,FIST,95.33333333333334
FIST,FIST,94.66666666666667
FIST,FIST,91.33333333333333
FIST,FIST,90.0
FIST,FIST,94.0
FIST,FIST,92.0
FIST,FIST,94.66666666666667
FIST,FIST,88.66666666666667
FIST,FIST,92.0
FIST,FIST,92.0
FIST,FIST,92.0
FIST,FIST,92.0
FIST,FIST,92.0
FIST,FIST,92.0
FIST,FIST,98.0
FIST,FIST,97.33333333333334
FIST,FIST,98.0
FIST,FIST,96.0
FIST,FIST,96.66666666666667
FIST,FIST,96.66666666666667
FIST,FIST,97.33333333333334
FIST,FIST,96.66666666666667
FIST,FIST,83.33333333333334
FIST,FIST,86.66666666666667
FIST,FIST,94.0
FIST,FIST,94.0
FIST,FIST,94.66666666666667
FIST,FIST,90.0
FIST,FIST,90.66666666666666
FIST,FIST,84.0
FIST,FIST,79.33333333333333
FIST,FIST,76.0
FIST,FIST,90.0
FIST,FIST,92.0
FIST,FIST,94.66666666666667
FIST,FIST,96.66666666666667
FIST,FIST,89.33333333333333
FIST,FIST,76.66666666666667
FIST,FIST,62.66666666666667
FIST,FIST,76.0
FIST,FIST,92.0
FIST,FIST,82.66666666666667
FIST,FIST,90.66666666666666
FIST,FIST,95.33333333333334
FIST,FIST,97.33333333333334
FIST,FIST,92.0
FIST,FIST,92.66666666666666
FIST,FIST,92.66666666666666
FIST,FIST,96.66666666666667
FIST,FIST,93.33333333333333
FIST,FIST,93.33333333333333
FIST,FIST,97.33333333333334
FIST,FIST,99.33333333333333
FIST,FIST,99.33333333333333
FIST,FIST,98.0
FIST,FIST,98.66666666666667
FIST,FIST,99.33333333333333
FIST,FIST,95.33333333333334
FIST,FIST,96.0
FIST,FIST,96.66666666666667
FIST,FIST,98.0
FIST,FIST,98.0
FIST,FIST,99.33333333333333
FIST,FIST,98.0
FIST,FIST,96.66666666666667
FIST,FIST,96.66666666666667
FIST,FIST,100.0
FIST,FIST,100.0
FIST,FIST,99.33333333333333
FIST,FIST,99.33333333333333
FIST,FIST,99.33333333333333
FIST,FIST,100.0
FIST,FIST,98.66666666666667
FIST,FIST,96.0
FIST,FIST,96.0
FIST,FIST,93.33333333333333
FIST,FIST,97.33333333333334
FIST,FIST,90.0
FIST,FIST,88.0
FIST,FIST,97.33333333333334
FIST,FIST,94.0
FIST,FIST,96.66666666666667
FIST,FIST,98.0
FIST,FIST,99.33333333333333
FIST,FIST,100.0
POINT,POINT,100.0
POINT,POINT,100.0
POINT,POINT,100.0
POINT,POINT,100.0
POINT,POINT,100.0
POINT,POINT,100.0
POINT,POINT,100.0
POINT,POINT,100.0
POINT,POINT,100.0
POINT,POINT,100.0
POINT,POINT,100.0
POINT,POINT,100.0
POINT,POINT,100.0
POINT,POINT,99.33333333333333
POINT,POINT,100.0
POINT,POINT,98.66666666666667
POINT,POINT,99.33333333333333
POINT,POINT,100.0
POINT,POINT,100.0
POINT,POINT,100.0
POINT,POINT,100.0
POINT,POINT,99.33333333333333
POINT,POINT,100.0
POINT,POINT,97.33333333333334
POINT,POINT,98.0
POINT,POINT,97.33333333333334
POINT,POINT,98.0
POINT,POINT,99.33333333333333
POINT,POINT,98.0
POINT,POINT,96.0
POINT,POINT,88.0
POINT,POINT,85.33333333333334
POINT,POINT,80.66666666666666
POINT,POINT,78.66666666666666
POINT,POINT,78.66666666666666
POINT,POINT,81.33333333333333
POINT,POINT,80.66666666666666
POINT,POINT,96.66666666666667
POINT,POINT,99.33333333333333
POINT,POINT,100.0
POINT,POINT,100.0
POINT,POINT,100.0
POINT,POINT,100.0
POINT,POINT,100.0
POINT,POINT,100.0
POINT,POINT,100.0
POINT,POINT,100.0
POINT,POINT,100.0
POINT,POINT,100.0
POINT,POINT,100.0
POINT,POINT,100.0
POINT,POINT,100.0
POINT,POINT,100.0
POINT,POINT,100.0
POINT,POINT,100.0
POINT,POINT,98.66666666666667
POINT,POINT,100.0
POINT,POINT,100.0
POINT,POINT,100.0
POINT,POINT,100.0
POINT,POINT,100.0
POINT,POINT,100.0
POINT,POINT,100.0
POINT,POINT,100.0
POINT,POINT,100.0
POINT,POINT,100.0
POINT,POINT,99.33333333333333
POINT,POINT,100.0
POINT,POINT,100.0
POINT,POINT,100.0
POINT,POINT,100.0
POINT,POINT,100.0
POINT,POINT,100.0
POINT,POINT,100.0
POINT,POINT,100.0
POINT,POINT,99.33333333333333
POINT,POINT,99.33333333333333
POINT,POINT,99.33333333333333
POINT,POINT,100.0
POINT,POINT,97.33333333333334
POINT,POINT,98.0
POINT,POINT,96.0
POINT,POINT,100.0
POINT,POINT,99.33333333333333
POINT,POINT,99.33333333333333
POINT,POINT,100.0
POINT,POINT,98.66666666666667
POINT,POINT,98.66666666666667
POINT,POINT,99.33333333333333
POINT,POINT,100.0
POINT,POINT,100.0
POINT,POINT,100.0
POINT,POINT,100.0
POINT,POINT,100.0
POINT,POINT,100.0
POINT,POINT,100.0
POINT,POINT,100.0
POINT,POINT,100.0
POINT,POINT,100.0
POINT,POINT,100.0
POINT,POINT,96.0
POINT,POINT,96.0
POINT,POINT,96.66666666666667
POINT,POINT,95.33333333333334
POINT,POINT,96.0
POINT,POINT,97.33333333333334
POINT,POINT,96.66666666666667
POINT,POINT,95.33333333333334
POINT,POINT,98.0
POINT,POINT,98.66666666666667
POINT,POINT,98.0
POINT,POINT,100.0
POINT,POINT,100.0
POINT,POINT,98.66666666666667
POINT,POINT,98.66666666666667
POINT,POINT,97.33333333333334
POINT,POINT,100.0
POINT,POINT,98.66666666666667
POINT,POINT,98.0
POINT,POINT,97.33333333333334
POINT,POINT,98.0
POINT,POINT,99.33333333333333
POINT,POINT,99.33333333333333
POINT,POINT,97.33333333333334
POINT,POINT,86.0
POINT,POINT,96.0
POINT,POINT,93.33333333333333
POINT,POINT,98.0
POINT,POINT,98.0
POINT,POINT,96.66666666666667
POINT,POINT,94.0
POINT,POINT,94.66666666666667
POINT,POINT,88.0
POINT,POINT,76.0
POINT,POINT,79.33333333333333
POINT,POINT,76.0
POINT,POINT,77.33333333333333
POINT,POINT,80.0
POINT,POINT,84.0
POINT,POINT,84.66666666666667
POINT,POINT,80.0
POINT,POINT,79.33333333333333
POINT,POINT,81.33333333333333
POINT,POINT,79.33333333333333
POINT,POINT,78.0
POINT,POINT,81.33333333333333
POINT,POINT,75.33333333333333
POINT,POINT,82.66666666666667
POINT,POINT,82.66666666666667
POINT,POINT,82.0
POINT,POINT,84.66666666666667
POINT,POINT,90.66666666666666
POINT,POINT,88.66666666666667
POINT,POINT,90.66666666666666
POINT,POINT,91.33333333333333
POINT,POINT,91.33333333333333
POINT,POINT,98.0
POINT,POINT,92.66666666666666
POINT,POINT,93.33333333333333
POINT,POINT,94.0
POINT,POINT,93.33333333333333
POINT,POINT,95.33333333333334
POINT,POINT,98.66666666666667
POINT,POINT,96.66666666666667
POINT,POINT,98.0
POINT,POINT,98.0
POINT,POINT,98.0
POINT,POINT,99.33333333333333
POINT,POINT,99.33333333333333
POINT,POINT,99.33333333333333
POINT,POINT,100.0
POINT,POINT,100.0
POINT,POINT,100.0
POINT,POINT,98.66666666666667
POINT,POINT,99.33333333333333
POINT,POINT,99.33333333333333
POINT,POINT,99.33333333333333
POINT,POINT,99.33333333333333
POINT,POINT,100.0
POINT,POINT,100.0
POINT,POINT,98.0
POINT,POINT,100.0
POINT,POINT,98.0
POINT,POINT,98.66666666666667
POINT,POINT,98.66666666666667
POINT,POINT,100.0
POINT,POINT,99.33333333333333
POINT,POINT,99.33333333333333
POINT,POINT,98.66666666666667
POINT,POINT,100.0
POINT,POINT,99.33333333333333
POINT,POINT,94.0
POINT,POINT,98.66666666666667
POINT,POINT,87.33333333333333
POINT,POINT,96.66666666666667
POINT,POINT,98.0
POINT,POINT,74.66666666666667
POINT,POINT,92.0
POINT,POINT,88.0
POINT,POINT,90.0
POINT,POINT,89.33333333333333
POINT,POINT,92.66666666666666
POINT,POINT,92.66666666666666
POINT,POINT,90.0
POINT,POINT,95.33333333333334
POINT,POINT,98.66666666666667
POINT,POINT,96.0
POINT,POINT,82.66666666666667
POINT,POINT,94.66666666666667
POINT,POINT,90.66666666666666
POINT,POINT,94.66666666666667
POINT,POINT,94.0
POINT,POINT,90.66666666666666
POINT,POINT,80.66666666666666
POINT,POINT,90.66666666666666
POINT,POINT,89.33333333333333
POINT,POINT,80.0
POINT,POINT,84.66666666666667
POINT,POINT,93.33333333333333
POINT,POINT,75.33333333333333
POINT,POINT,79.33333333333333
POINT,POINT,90.66666666666666
POINT,POINT,93.33333333333333
POINT,POINT,91.33333333333333
POINT,POINT,95.33333333333334
POINT,POINT,92.0
POINT,POINT,89.33333333333333
POINT,POINT,93.33333333333333
POINT,POINT,87.33333333333333
POINT,POINT,90.0
POINT,POINT,86.0
POINT,POINT,92.66666666666666
POINT,POINT,90.66666666666666
POINT,POINT,86.0
POINT,POINT,86.0
POINT,POINT,62.66666666666667
POINT,POINT,53.333333333333336
POINT,POINT,48.0
POINT,POINT,45.33333333333333
POINT,POINT,66.0
POINT,POINT,74.0
POINT,POINT,72.66666666666667
POINT,POINT,74.66666666666667
POINT,POINT,68.0
POINT,POINT,66.0
POINT,POINT,70.66666666666667
POINT,POINT,74.66666666666667
POINT,POINT,78.0
POINT,POINT,84.0
POINT,POINT,87.33333333333333
POINT,POINT,90.0
POINT,POINT,90.0
POINT,POINT,87.33333333333333
POINT,POINT,83.33333333333334
POINT,POINT,84.0
POINT,POINT,90.66666666666666
POINT,POINT,96.66666666666667
POINT,POINT,96.0
POINT,POINT,98.66666666666667
POINT,POINT,99.33333333333333
POINT,POINT,99.33333333333333
POINT,POINT,98.0
POINT,POINT,98.0
POINT,POINT,97.33333333333334
POINT,POINT,98.66666666666667
POINT,POINT,98.0
POINT,POINT,99.33333333333333
POINT,POINT,93.33333333333333
POINT,POINT,95.33333333333334
POINT,POINT,95.33333333333334
POINT,POINT,99.33333333333333
POINT,POINT,98.0
POINT,POINT,100.0
POINT,POINT,100.0
POINT,POINT,100.0
POINT,POINT,99.33333333333333
POINT,POINT,100.0
POINT,POINT,100.0
POINT,POINT,98.66666666666667
POINT,POINT,100.0
POINT,POINT,100.0
POINT,POINT,95.33333333333334
POINT,POINT,96.66666666666667
POINT,POINT,95.33333333333334
POINT,POINT,94.66666666666667
POINT,POINT,89.33333333333333
POINT,POINT,90.0
POINT,POINT,88.0
POINT,POINT,89.33333333333333
POINT,POINT,89.33333333333333
POINT,POINT,90.0
POINT,POINT,92.0
POINT,POINT,96.0
POINT,POINT,98.0
POINT,POINT,95.33333333333334
POINT,POINT,96.66666666666667
POINT,POINT,99.33333333333333
POINT,POINT,97.33333333333334
POINT,POINT,97.33333333333334
POINT,POINT,96.66666666666667
POINT,POINT,92.0
POINT,POINT,89.33333333333333
POINT,POINT,94.0
POINT,POINT,96.0
POINT,POINT,91.33333333333333
POINT,POINT,94.66666666666667
POINT,POINT,93.33333333333333
POINT,POINT,93.33333333333333
POINT,POINT,88.0
POINT,POINT,84.66666666666667
POINT,POINT,90.66666666666666
POINT,POINT,85.33333333333334
POINT,POINT,85.33333333333334
POINT,POINT,84.0
POINT,POINT,78.66666666666666
POINT,POINT,84.0
POINT,POINT,80.66666666666666
POINT,POINT,88.66666666666667
POINT,POINT,88.66666666666667
POINT,POINT,88.66666666666667
POINT,POINT,90.0
POINT,POINT,90.0
POINT,POINT,90.0
POINT,POINT,89.33333333333333
POINT,POINT,95.33333333333334
POINT,POINT,94.0
POINT,POINT,98.66666666666667
POINT,POINT,97.33333333333334
POINT,POINT,98.0
POINT,POINT,99.33333333333333
POINT,POINT,98.0
POINT,POINT,98.66666666666667
POINT,POINT,97.33333333333334
POINT,POINT,98.66666666666667
POINT,POINT,98.66666666666667
POINT,POINT,98.0
POINT,POINT,94.0
POINT,POINT,94.0
POINT,POINT,93.33333333333333
POINT,POINT,89.33333333333333
POINT,POINT,92.0
POINT,POINT,92.66666666666666
POINT,POINT,86.66666666666667
POINT,POINT,88.66666666666667
POINT,POINT,88.0
POINT,POINT,89.33333333333333
POINT,POINT,96.66666666666667
POINT,POINT,88.66666666666667
POINT,POINT,90.66666666666666
POINT,POINT,90.0
POINT,POINT,88.0
POINT,POINT,92.0
POINT,POINT,82.66666666666667
POINT,POINT,86.0
POINT,POINT,86.66666666666667
POINT,POINT,86.0
POINT,POINT,86.0
POINT,POINT,87.33333333333333
POINT,POINT,97.33333333333334
POINT,POINT,88.66666666666667
POINT,POINT,98.0
POINT,POINT,91.33333333333333
POINT,POINT,95.33333333333334
POINT,POINT,94.0
POINT,POINT,96.0
POINT,POINT,72.0
POINT,POINT,57.333333333333336
POINT,POINT,50.66666666666667
POINT,POINT,64.66666666666666
POINT,POINT,76.0
POINT,POINT,92.66666666666666
POINT,POINT,96.0
POINT,POINT,94.66666666666667
POINT,POINT,96.0
POINT,POINT,96.66666666666667
POINT,POINT,90.66666666666666
POINT,POINT,94.0
POINT,POINT,96.66666666666667
POINT,POINT,97.33333333333334
POINT,POINT,96.66666666666667
POINT,POINT,98.0
POINT,POINT,96.0
POINT,POINT,93.33333333333333
POINT,POINT,90.66666666666666
POINT,POINT,94.0
POINT,POINT,86.0
POINT,POINT,88.66666666666667
POINT,POINT,79.33333333333333
POINT,POINT,78.66666666666666
POINT,POINT,78.66666666666666
POINT,POINT,94.66666666666667
POINT,POINT,94.66666666666667
POINT,POINT,97.33333333333334
POINT,POINT,94.66666666666667
POINT,POINT,94.0
POINT,POINT,92.0
POINT,POINT,96.66666666666667
POINT,POINT,96.0
POINT,POINT,95.33333333333334
POINT,POINT,90.66666666666666
POINT,POINT,87.33333333333333
POINT,POINT,91.33333333333333
POINT,POINT,92.0
POINT,POINT,90.0
POINT,POINT,91.33333333333333
POINT,POINT,86.66666666666667
POINT,POINT,83.33333333333334
POINT,POINT,90.66666666666666
POINT,POINT,88.66666666666667
POINT,POINT,84.66666666666667
POINT,POINT,83.33333333333334
POINT,POINT,86.0
POINT,POINT,89.33333333333333
POINT,POINT,82.66666666666667
POINT,POINT,92.66666666666666
POINT,POINT,96.66666666666667
POINT,POINT,91.33333333333333
POINT,POINT,96.66666666666667
POINT,POINT,94.0
POINT,POINT,80.0
POINT,POINT,94.66666666666667
POINT,POINT,96.66666666666667
POINT,POINT,97.33333333333334
POINT,POINT,95.33333333333334
POINT,POINT,92.66666666666666
POINT,POINT,87.33333333333333
POINT,POINT,85.33333333333334
POINT,POINT,83.33333333333334
POINT,POINT,74.66666666666667
POINT,POINT,82.0
POINT,POINT,84.0
POINT,POINT,84.0
POINT,POINT,84.66666666666667
POINT,POINT,73.33333333333333
POINT,POINT,80.66666666666666
POINT,POINT,82.66666666666667
POINT,POINT,85.33333333333334
POINT,POINT,76.0
POINT,POINT,72.0
POINT,POINT,86.66666666666667
POINT,POINT,80.0
POINT,POINT,82.66666666666667
POINT,POINT,90.0
POINT,POINT,80.66666666666666
POINT,POINT,86.66666666666667
POINT,POINT,90.0
POINT,POINT,95.33333333333334
POINT,POINT,95.33333333333334
POINT,POINT,95.33333333333334
POINT,POINT,97.33333333333334
POINT,POINT,97.33333333333334
POINT,POINT,96.0
POINT,POINT,93.33333333333333
POINT,POINT,95.33333333333334
POINT,POINT,96.66666666666667
POINT,POINT,96.66666666666667
POINT,POINT,95.33333333333334
POINT,POINT,96.66666666666667
POINT,POINT,86.66666666666667
POINT,POINT,89.33333333333333
POINT,POINT,90.0
POINT,POINT,88.66666666666667
POINT,POINT,92.66666666666666
POINT,POINT,96.0
POINT,POINT,91.33333333333333
POINT,POINT,90.66666666666666
POINT,POINT,92.0
POINT,POINT,91.33333333333333
POINT,POINT,91.33333333333333
POINT,POINT,88.66666666666667
POINT,POINT,95.33333333333334
POINT,POINT,94.66666666666667
POINT,POINT,96.66666666666667
POINT,POINT,96.66666666666667
POINT,POINT,96.0
POINT,POINT,98.0
POINT,POINT,90.0
POINT,POINT,90.0
POINT,POINT,94.0
POINT,POINT,92.0
POINT,POINT,78.0
POINT,POINT,84.66666666666667
POINT,POINT,87.33333333333333
POINT,POINT,86.0
POINT,POINT,83.33333333333334
POINT,POINT,98.66666666666667
POINT,POINT,90.66666666666666
POINT,POINT,90.66666666666666
POINT,POINT,88.66666666666667
POINT,POINT,94.66666666666667
POINT,POINT,95.33333333333334
POINT,POINT,95.33333333333334
POINT,POINT,98.66666666666667
POINT,POINT,97.33333333333334
POINT,POINT,92.0
POINT,POINT,97.33333333333334
POINT,POINT,97.33333333333334
POINT,POINT,93.33333333333333
POINT,POINT,92.66666666666666
POINT,POINT,97.33333333333334
POINT,POINT,94.66666666666667
POINT,POINT,97.33333333333334
POINT,POINT,94.0
POINT,POINT,94.0
POINT,POINT,86.66666666666667
POINT,POINT,93.33333333333333
POINT,POINT,91.33333333333333
POINT,POINT,89.33333333333333
POINT,POINT,97.33333333333334
POINT,POINT,98.0
POINT,POINT,94.0
POINT,POINT,94.0
POINT,POINT,97.33333333333334
POINT,POINT,78.66666666666666
POINT,POINT,81.33333333333333
POINT,POINT,81.33333333333333
POINT,POINT,82.0
POINT,POINT,83.33333333333334
POINT,POINT,81.33333333333333
POINT,POINT,80.66666666666666
POINT,POINT,77.33333333333333
POINT,POINT,71.33333333333334
POINT,POINT,73.33333333333333
POINT,POINT,82.0
POINT,POINT,82.66666666666667
POINT,POINT,89.33333333333333
POINT,POINT,90.66666666666666
POINT,POINT,90.0
POINT,POINT,76.66666666666667
POINT,POINT,82.66666666666667
POINT,POINT,84.0
POINT,POINT,78.0
POINT,POINT,80.66666666666666
POINT,POINT,90.66666666666666
POINT,POINT,92.66666666666666
POINT,POINT,92.66666666666666
POINT,POINT,77.33333333333333
POINT,POINT,83.33333333333334
POINT,POINT,80.66666666666666
POINT,POINT,83.33333333333334
POINT,POINT,84.66666666666667
POINT,POINT,81.33333333333333
POINT,POINT,80.0
POINT,POINT,76.66666666666667
POINT,POINT,89.33333333333333
POINT,POINT,91.33333333333333
POINT,POINT,83.33333333333334
POINT,POINT,86.0
POINT,POINT,83.33333333333334
POINT,POINT,85.33333333333334
POINT,POINT,87.33333333333333
POINT,POINT,83.33333333333334
POINT,POINT,83.33333333333334
POINT,POINT,79.33333333333333
POINT,POINT,92.66666666666666
POINT,POINT,93.33333333333333
POINT,POINT,52.0
POINT,POINT,78.0
POINT,POINT,80.0
POINT,POINT,77.33333333333333
POINT,POINT,86.0
POINT,POINT,85.33333333333334
POINT,POINT,90.66666666666666
POINT,POINT,87.33333333333333
POINT,POINT,95.33333333333334
POINT,POINT,91.33333333333333
POINT,POINT,88.66666666666667
POINT,POINT,88.0
POINT,POINT,84.66666666666667
POINT,POINT,81.33333333333333
POINT,POINT,75.33333333333333
POINT,POINT,84.66666666666667
POINT,POINT,78.0
POINT,POINT,81.33333333333333
POINT,POINT,80.0
POINT,POINT,76.0
POINT,POINT,81.33333333333333
POINT,POINT,79.33333333333333
POINT,POINT,86.0
POINT,POINT,83.33333333333334
POINT,POINT,91.33333333333333
POINT,POINT,96.0
POINT,POINT,96.66666666666667
POINT,POINT,96.66666666666667
POINT,POINT,95.33333333333334
POINT,POINT,96.0
POINT,POINT,78.66666666666666
POINT,POINT,58.666666666666664
POINT,FIST,57.99999999999999
POINT,FIST,50.66666666666667
POINT,POINT,94.0
POINT,POINT,90.66666666666666
POINT,POINT,93.33333333333333
POINT,POINT,88.66666666666667
POINT,POINT,88.66666666666667
POINT,POINT,87.33333333333333
POINT,POINT,87.33333333333333
POINT,POINT,91.33333333333333
POINT,POINT,92.0
POINT,POINT,92.0
POINT,POINT,96.0
POINT,POINT,97.33333333333334
POINT,POINT,98.0
POINT,POINT,96.0
POINT,POINT,100.0
POINT,POINT,100.0
POINT,POINT,100.0
POINT,POINT,100.0
POINT,POINT,99.33333333333333
POINT,POINT,98.66666666666667
POINT,POINT,100.0
POINT,POINT,99.33333333333333
POINT,POINT,99.33333333333333
POINT,POINT,99.33333333333333
POINT,POINT,98.66666666666667
POINT,POINT,98.0
POINT,POINT,97.33333333333334
POINT,POINT,98.0
POINT,POINT,98.0
POINT,POINT,98.66666666666667
POINT,POINT,98.66666666666667
POINT,POINT,100.0
POINT,POINT,100.0
POINT,POINT,100.0
POINT,POINT,92.66666666666666
POINT,POINT,96.0
POINT,POINT,98.0
POINT,POINT,94.66666666666667
POINT,POINT,94.66666666666667
POINT,POINT,92.66666666666666
POINT,POINT,81.33333333333333
POINT,POINT,89.33333333333333
POINT,POINT,89.33333333333333
POINT,POINT,94.0
POINT,POINT,94.66666666666667
POINT,POINT,100.0
POINT,POINT,97.33333333333334
POINT,POINT,98.66666666666667
POINT,POINT,94.0
POINT,POINT,84.0
POINT,POINT,90.0
POINT,POINT,91.33333333333333
POINT,POINT,88.66666666666667
POINT,POINT,91.33333333333333
POINT,POINT,94.0
POINT,POINT,82.66666666666667
POINT,POINT,90.0
POINT,POINT,76.0
POINT,POINT,83.33333333333334
POINT,POINT,81.33333333333333
POINT,POINT,82.0
POINT,POINT,80.0
POINT,POINT,88.66666666666667
POINT,POINT,93.33333333333333
POINT,POINT,96.0
POINT,POINT,96.66666666666667
POINT,POINT,97.33333333333334
POINT,POINT,91.33333333333333
POINT,POINT,96.0
POINT,POINT,92.66666666666666
POINT,POINT,93.33333333333333
POINT,POINT,96.0
POINT,POINT,96.0
POINT,POINT,98.0
POINT,POINT,97.33333333333334
POINT,POINT,85.33333333333334
POINT,POINT,96.0
POINT,POINT,93.33333333333333
POINT,POINT,87.33333333333333
POINT,POINT,91.33333333333333
POINT,POINT,90.66666666666666
POINT,POINT,92.66666666666666
POINT,POINT,94.66666666666667
POINT,POINT,93.33333333333333
POINT,POINT,93.33333333333333
POINT,POINT,98.0
POINT,POINT,98.66666666666667
POINT,POINT,98.66666666666667
POINT,POINT,96.66666666666667
POINT,POINT,99.33333333333333
POINT,POINT,96.66666666666667
POINT,POINT,39.33333333333333
POINT,FIST,58.666666666666664
POINT,POINT,65.33333333333333
POINT,POINT,90.0
POINT,POINT,93.33333333333333
POINT,POINT,94.66666666666667
POINT,POINT,96.66666666666667
POINT,POINT,98.66666666666667
POINT,POINT,93.33333333333333
POINT,POINT,92.66666666666666
POINT,POINT,95.33333333333334
POINT,POINT,95.33333333333334
POINT,POINT,93.33333333333333
POINT,POINT,94.66666666666667
POINT,POINT,95.33333333333334
POINT,POINT,94.66666666666667
POINT,POINT,95.33333333333334
POINT,POINT,95.33333333333334
POINT,POINT,97.33333333333334
POINT,POINT,99.33333333333333
POINT,POINT,97.33333333333334
POINT,POINT,97.33333333333334
POINT,POINT,98.0
POINT,POINT,96.66666666666667
POINT,POINT,96.66666666666667
POINT,POINT,93.33333333333333
POINT,POINT,92.0
POINT,POINT,90.66666666666666
POINT,POINT,89.33333333333333
POINT,POINT,85.33333333333334
POINT,POINT,86.0
POINT,POINT,82.0
POINT,POINT,82.0
POINT,POINT,81.33333333333333
POINT,POINT,82.66666666666667
POINT,POINT,87.33333333333333
POINT,POINT,88.0
POINT,POINT,93.33333333333333
POINT,POINT,96.0
POINT,POINT,93.33333333333333
POINT,POINT,93.33333333333333
POINT,POINT,94.0
POINT,POINT,89.33333333333333
POINT,POINT,90.66666666666666
POINT,POINT,92.66666666666666
POINT,POINT,92.0
POINT,POINT,92.0
POINT,POINT,92.0
POINT,POINT,92.0
POINT,POINT,93.33333333333333
POINT,POINT,98.0
POINT,POINT,94.66666666666667
POINT,POINT,90.66666666666666
POINT,POINT,92.0
POINT,POINT,92.0
POINT,POINT,87.33333333333333
POINT,POINT,86.0
POINT,POINT,83.33333333333334
POINT,POINT,80.66666666666666
POINT,POINT,84.0
POINT,POINT,84.0
POINT,POINT,88.0
POINT,POINT,91.33333333333333
POINT,POINT,94.0
POINT,POINT,96.66666666666667
POINT,POINT,97.33333333333334
POINT,POINT,98.0
POINT,POINT,96.66666666666667
POINT,POINT,96.66666666666667
POINT,POINT,93.33333333333333
POINT,POINT,92.66666666666666
POINT,POINT,93.33333333333333
POINT,POINT,93.33333333333333
POINT,POINT,89.33333333333333
POINT,POINT,80.0
POINT,POINT,74.66666666666667
POINT,POINT,78.66666666666666
POINT,POINT,84.0
POINT,POINT,92.0
POINT,POINT,98.0
POINT,POINT,97.33333333333334
POINT,POINT,98.66666666666667
POINT,POINT,97.33333333333334
POINT,POINT,96.66666666666667
POINT,POINT,98.66666666666667
POINT,POINT,98.66666666666667
POINT,POINT,99.33333333333333
POINT,POINT,98.66666666666667
POINT,POINT,98.66666666666667
POINT,POINT,96.0
POINT,POINT,98.66666666666667
POINT,POINT,97.33333333333334
POINT,POINT,92.0
POINT,POINT,99.33333333333333
POINT,POINT,98.66666666666667
POINT,POINT,98.66666666666667
POINT,POINT,99.33333333333333
POINT,POINT,91.33333333333333
POINT,FIST,65.33333333333333
POINT,POINT,52.0
POINT,POINT,43.333333333333336
POINT,POINT,37.333333333333336
POINT,POINT,52.666666666666664
POINT,POINT,69.33333333333334
POINT,POINT,90.0
POINT,POINT,94.0
POINT,POINT,92.0
POINT,POINT,89.33333333333333
POINT,POINT,93.33333333333333
POINT,POINT,94.0
POINT,POINT,93.33333333333333
POINT,POINT,94.0
POINT,POINT,96.0
POINT,POINT,96.0
POINT,POINT,95.33333333333334
POINT,POINT,94.66666666666667
POINT,POINT,96.66666666666667
POINT,POINT,96.66666666666667
POINT,POINT,97.33333333333334
POINT,POINT,99.33333333333333
POINT,POINT,99.33333333333333
POINT,POINT,99.33333333333333
POINT,POINT,98.0
POINT,POINT,97.33333333333334
POINT,POINT,98.0
POINT,POINT,98.0
POINT,POINT,96.66666666666667
POINT,POINT,96.66666666666667
POINT,POINT,95.33333333333334
POINT,POINT,98.66666666666667
POINT,POINT,98.0
POINT,POINT,96.66666666666667
POINT,POINT,98.66666666666667
POINT,POINT,96.66666666666667
POINT,POINT,98.66666666666667
POINT,POINT,95.33333333333334
POINT,POINT,96.0
POINT,POINT,97.33333333333334
POINT,POINT,97.33333333333334
POINT,POINT,98.0
POINT,POINT,98.0
POINT,POINT,97.33333333333334
POINT,POINT,96.66666666666667
POINT,POINT,92.0
POINT,POINT,92.66666666666666
POINT,POINT,90.0
POINT,POINT,91.33333333333333
POINT,POINT,92.0
POINT,POINT,95.33333333333334
POINT,POINT,96.66666666666667
POINT,POINT,95.33333333333334
POINT,POINT,97.33333333333334
POINT,POINT,98.0
POINT,POINT,95.33333333333334
POINT,POINT,96.0
POINT,POINT,94.66666666666667
POINT,POINT,92.66666666666666
POINT,POINT,88.66666666666667
POINT,POINT,90.66666666666666
POINT,POINT,87.33333333333333
POINT,POINT,72.0
POINT,POINT,74.66666666666667
POINT,POINT,74.66666666666667
POINT,POINT,95.33333333333334
POINT,POINT,96.66666666666667
POINT,POINT,97.33333333333334
POINT,POINT,95.33333333333334
POINT,POINT,98.66666666666667
POINT,POINT,97.33333333333334
POINT,POINT,90.66666666666666
POINT,POINT,93.33333333333333
POINT,POINT,93.33333333333333
POINT,POINT,94.0
POINT,POINT,92.0
POINT,POINT,88.0
POINT,POINT,91.33333333333333
POINT,POINT,91.33333333333333
POINT,POINT,87.33333333333333
POINT,POINT,91.33333333333333
POINT,POINT,90.66666666666666
POINT,POINT,90.0
POINT,POINT,96.0
POINT,POINT,96.0
POINT,POINT,96.0
POINT,POINT,99.33333333333333
POINT,POINT,96.0
POINT,POINT,93.33333333333333
POINT,POINT,99.33333333333333
POINT,POINT,99.33333333333333
POINT,POINT,96.66666666666667
POINT,POINT,89.33333333333333
POINT,POINT,86.66666666666667
POINT,POINT,92.66666666666666
POINT,POINT,95.33333333333334
POINT,POINT,87.33333333333333
POINT,POINT,86.0
POINT,POINT,87.33333333333333
POINT,POINT,89.33333333333333
POINT,POINT,90.0
POINT,POINT,96.0
POINT,POINT,98.0
POINT,POINT,87.33333333333333
POINT,POINT,91.33333333333333
POINT,POINT,91.33333333333333
POINT,POINT,92.0
POINT,POINT,91.33333333333333
POINT,POINT,92.66666666666666
POINT,POINT,95.33333333333334
POINT,POINT,97.33333333333334
POINT,POINT,95.33333333333334
POINT,POINT,97.33333333333334
POINT,POINT,93.33333333333333
POINT,POINT,95.33333333333334
POINT,POINT,80.66666666666666
POINT,POINT,68.66666666666667
POINT,POINT,64.66666666666666
POINT,POINT,77.33333333333333
POINT,POINT,68.66666666666667
POINT,POINT,76.0
POINT,POINT,98.0
POINT,POINT,96.66666666666667
POINT,POINT,96.66666666666667
POINT,POINT,96.66666666666667
POINT,POINT,95.33333333333334
POINT,POINT,98.66666666666667
POINT,POINT,95.33333333333334
POINT,POINT,95.33333333333334
POINT,POINT,88.0
POINT,POINT,82.66666666666667
POINT,POINT,73.33333333333333
POINT,POINT,56.00000000000001
POINT,POINT,54.666666666666664
POINT,POINT,66.66666666666666
POINT,POINT,64.66666666666666
POINT,POINT,80.66666666666666
POINT,POINT,82.66666666666667
POINT,POINT,82.66666666666667
POINT,POINT,74.66666666666667
POINT,POINT,61.33333333333333
POINT,POINT,62.66666666666667
POINT,POINT,66.66666666666666
POINT,POINT,72.0
POINT,POINT,73.33333333333333
POINT,POINT,77.33333333333333
POINT,POINT,79.33333333333333
POINT,POINT,77.33333333333333
POINT,FIST,57.333333333333336
POINT,POINT,95.33333333333334
POINT,POINT,91.33333333333333
POINT,POINT,92.0
POINT,POINT,98.0
POINT,POINT,98.66666666666667
POINT,POINT,90.66666666666666
POINT,POINT,93.33333333333333
POINT,POINT,97.33333333333334
POINT,POINT,96.0
POINT,POINT,98.0
POINT,POINT,96.66666666666667
POINT,POINT,93.33333333333333
POINT,POINT,99.33333333333333
POINT,POINT,100.0
POINT,POINT,97.33333333333334
POINT,POINT,99.33333333333333
POINT,POINT,100.0
POINT,POINT,100.0
POINT,POINT,100.0
POINT,POINT,100.0
POINT,POINT,98.66666666666667
POINT,POINT,98.66666666666667
POINT,POINT,98.66666666666667
POINT,POINT,97.33333333333334
POINT,POINT,97.33333333333334
POINT,POINT,98.0
POINT,POINT,97.33333333333334
POINT,POINT,100.0
POINT,POINT,100.0
POINT,POINT,97.33333333333334
POINT,POINT,98.66666666666667
POINT,POINT,92.66666666666666
POINT,POINT,92.66666666666666
POINT,POINT,90.66666666666666
POINT,POINT,88.66666666666667
POINT,POINT,93.33333333333333
POINT,POINT,95.33333333333334
POINT,POINT,94.0
POINT,POINT,92.0
POINT,POINT,96.0
POINT,POINT,97.33333333333334
POINT,POINT,96.0
POINT,POINT,96.0
POINT,POINT,94.0
POINT,POINT,93.33333333333333
POINT,POINT,94.66666666666667
POINT,POINT,91.33333333333333
POINT,POINT,95.33333333333334
POINT,POINT,92.0
POINT,POINT,94.0
POINT,POINT,89.33333333333333
POINT,POINT,96.66666666666667
POINT,POINT,99.33333333333333
POINT,POINT,98.66666666666667
POINT,POINT,98.0
POINT,POINT,97.33333333333334
POINT,POINT,92.66666666666666
POINT,POINT,95.33333333333334
POINT,POINT,94.66666666666667
POINT,POINT,94.66666666666667
POINT,POINT,96.66666666666667
POINT,POINT,94.0
POINT,POINT,92.66666666666666
POINT,POINT,98.0
POINT,POINT,98.66666666666667
POINT,POINT,99.33333333333333
POINT,POINT,99.33333333333333
POINT,POINT,97.33333333333334
POINT,POINT,96.66666666666667
POINT,POINT,97.33333333333334
POINT,POINT,89.33333333333333
POINT,POINT,90.66666666666666
PEACE,PEACE,100.0
PEACE,PEACE,100.0
PEACE,PEACE,100.0
PEACE,PEACE,100.0
PEACE,PEACE,100.0
PEACE,PEACE,100.0
PEACE,PEACE,100.0
PEACE,PEACE,100.0
PEACE,PEACE,100.0
PEACE,PEACE,100.0
PEACE,PEACE,100.0
PEACE,PEACE,100.0
PEACE,PEACE,100.0
PEACE,PEACE,100.0
PEACE,PEACE,100.0
PEACE,PEACE,100.0
PEACE,PEACE,100.0
PEACE,PEACE,100.0
PEACE,PEACE,100.0
PEACE,PEACE,100.0
PEACE,PEACE,100.0
PEACE,PEACE,100.0
PEACE,PEACE,100.0
PEACE,PEACE,100.0
PEACE,PEACE,100.0
PEACE,PEACE,100.0
PEACE,PEACE,100.0
PEACE,PEACE,100.0
PEACE,PEACE,100.0
PEACE,PEACE,100.0
PEACE,PEACE,100.0
PEACE,PEACE,100.0
PEACE,PEACE,99.33333333333333
PEACE,PEACE,100.0
PEACE,PEACE,99.33333333333333
PEACE,PEACE,100.0
PEACE,PEACE,100.0
PEACE,PEACE,100.0
PEACE,PEACE,100.0
PEACE,PEACE,100.0
PEACE,PEACE,100.0
PEACE,PEACE,100.0
PEACE,PEACE,100.0
PEACE,PEACE,100.0
PEACE,PEACE,100.0
PEACE,PEACE,100.0
PEACE,PEACE,100.0
PEACE,PEACE,100.0
PEACE,PEACE,100.0
PEACE,PEACE,100.0
PEACE,PEACE,100.0
PEACE,PEACE,100.0
PEACE,PEACE,100.0
PEACE,PEACE,99.33333333333333
PEACE,PEACE,99.33333333333333
PEACE,PEACE,98.66666666666667
PEACE,PEACE,99.33333333333333
PEACE,PEACE,83.33333333333334
PEACE,PEACE,80.66666666666666
PEACE,PEACE,86.0
PEACE,PEACE,86.66666666666667
PEACE,PEACE,96.0
PEACE,PEACE,100.0
PEACE,PEACE,100.0
PEACE,PEACE,100.0
PEACE,PEACE,100.0
PEACE,PEACE,100.0
PEACE,PEACE,100.0
PEACE,PEACE,100.0
PEACE,PEACE,100.0
PEACE,PEACE,100.0
PEACE,PEACE,100.0
PEACE,PEACE,100.0
PEACE,PEACE,100.0
PEACE,PEACE,100.0
PEACE,PEACE,99.33333333333333
PEACE,PEACE,100.0
PEACE,PEACE,100.0
PEACE,PEACE,100.0
PEACE,PEACE,100.0
PEACE,PEACE,100.0
PEACE,PEACE,100.0
PEACE,PEACE,100.0
PEACE,PEACE,100.0
PEACE,PEACE,100.0
PEACE,PEACE,98.66666666666667
PEACE,PEACE,100.0
PEACE,PEACE,100.0
PEACE,PEACE,100.0
PEACE,PEACE,100.0
PEACE,PEACE,100.0
PEACE,PEACE,100.0
PEACE,PEACE,100.0
PEACE,PEACE,100.0
PEACE,PEACE,100.0
PEACE,PEACE,100.0
PEACE,PEACE,100.0
PEACE,PEACE,100.0
PEACE,PEACE,100.0
PEACE,PEACE,100.0
PEACE,PEACE,100.0
PEACE,PEACE,100.0
PEACE,PEACE,100.0
PEACE,PEACE,98.66666666666667
PEACE,PEACE,100.0
PEACE,PEACE,100.0
PEACE,PEACE,99.33333333333333
PEACE,PEACE,99.33333333333333
PEACE,PEACE,99.33333333333333
PEACE,PEACE,99.33333333333333
PEACE,PEACE,99.33333333333333
PEACE,PEACE,100.0
PEACE,PEACE,99.33333333333333
PEACE,PEACE,99.33333333333333
PEACE,PEACE,99.33333333333333
PEACE,PEACE,100.0
PEACE,PEACE,100.0
PEACE,PEACE,99.33333333333333
PEACE,PEACE,99.33333333333333
PEACE,PEACE,100.0
PEACE,PEACE,100.0
PEACE,PEACE,100.0
PEACE,PEACE,100.0
PEACE,PEACE,99.33333333333333
PEACE,PEACE,100.0
PEACE,PEACE,98.0
PEACE,PEACE,94.0
PEACE,PEACE,96.0
PEACE,PEACE,97.33333333333334
PEACE,PEACE,97.33333333333334
PEACE,PEACE,98.66666666666667
PEACE,PEACE,100.0
PEACE,PEACE,99.33333333333333
PEACE,PEACE,99.33333333333333
PEACE,PEACE,98.0
PEACE,THREE,61.33333333333333
PEACE,PEACE,43.333333333333336
PEACE,PEACE,80.66666666666666
PEACE,PEACE,84.66666666666667
PEACE,PEACE,86.0
PEACE,PEACE,85.33333333333334
PEACE,PEACE,96.66666666666667
PEACE,PEACE,90.0
PEACE,PEACE,64.0
PEACE,PEACE,98.66666666666667
PEACE,PEACE,97.33333333333334
PEACE,PEACE,99.33333333333333
PEACE,PEACE,99.33333333333333
PEACE,PEACE,100.0
PEACE,PEACE,100.0
PEACE,PEACE,99.33333333333333
PEACE,PEACE,85.33333333333334
PEACE,PEACE,98.66666666666667
PEACE,PEACE,99.33333333333333
PEACE,PEACE,100.0
PEACE,PEACE,100.0
PEACE,PEACE,100.0
PEACE,PEACE,99.33333333333333
PEACE,PEACE,100.0
PEACE,PEACE,100.0
PEACE,PEACE,96.0
PEACE,PEACE,93.33333333333333
PEACE,PEACE,92.66666666666666
PEACE,PEACE,95.33333333333334
PEACE,PEACE,94.0
PEACE,PEACE,93.33333333333333
PEACE,PEACE,97.33333333333334
PEACE,PEACE,98.0
PEACE,PEACE,100.0
PEACE,PEACE,100.0
PEACE,PEACE,100.0
PEACE,PEACE,98.66666666666667
PEACE,PEACE,99.33333333333333
PEACE,PEACE,94.66666666666667
PEACE,PEACE,91.33333333333333
PEACE,PEACE,88.0
PEACE,PEACE,96.66666666666667
PEACE,PEACE,96.66666666666667
PEACE,PEACE,99.33333333333333
PEACE,PEACE,99.33333333333333
PEACE,PEACE,99.33333333333333
PEACE,PEACE,100.0
PEACE,PEACE,100.0
PEACE,PEACE,100.0
PEACE,PEACE,99.33333333333333
PEACE,PEACE,98.66666666666667
PEACE,PEACE,100.0
PEACE,PEACE,100.0
PEACE,PEACE,100.0
PEACE,PEACE,99.33333333333333
PEACE,PEACE,100.0
PEACE,PEACE,100.0
PEACE,PEACE,99.33333333333333
PEACE,PEACE,99.33333333333333
PEACE,PEACE,100.0
PEACE,PEACE,100.0
PEACE,PEACE,100.0
PEACE,PEACE,100.0
PEACE,PEACE,100.0
PEACE,PEACE,100.0
PEACE,PEACE,100.0
PEACE,PEACE,100.0
PEACE,PEACE,100.0
PEACE,PEACE,99.33333333333333
PEACE,PEACE,98.66666666666667
PEACE,PEACE,98.66666666666667
PEACE,PEACE,99.33333333333333
PEACE,PEACE,99.33333333333333
PEACE,PEACE,100.0
PEACE,PEACE,99.33333333333333
PEACE,PEACE,100.0
PEACE,PEACE,98.66666666666667
PEACE,PEACE,99.33333333333333
PEACE,PEACE,99.33333333333333
PEACE,PEACE,99.33333333333333
PEACE,PEACE,99.33333333333333
PEACE,PEACE,100.0
PEACE,PEACE,100.0
PEACE,PEACE,100.0
PEACE,PEACE,99.33333333333333
PEACE,PEACE,100.0
PEACE,PEACE,98.66666666666667
PEACE,PEACE,99.33333333333333
PEACE,PEACE,100.0
PEACE,PEACE,100.0
PEACE,PEACE,100.0
PEACE,PEACE,99.33333333333333
PEACE,PEACE,99.33333333333333
PEACE,PEACE,97.33333333333334
PEACE,PEACE,98.0
PEACE,PEACE,95.33333333333334
PEACE,PEACE,96.0
PEACE,PEACE,94.0
PEACE,PEACE,96.66666666666667
PEACE,PEACE,77.33333333333333
PEACE,PEACE,78.0
PEACE,PEACE,76.66666666666667
PEACE,PEACE,72.66666666666667
PEACE,PEACE,66.0
PEACE,PEACE,77.33333333333333
PEACE,PEACE,76.0
PEACE,PEACE,86.66666666666667
PEACE,PEACE,95.33333333333334
PEACE,PEACE,98.66666666666667
PEACE,PEACE,99.33333333333333
PEACE,PEACE,100.0
PEACE,PEACE,100.0
PEACE,PEACE,99.33333333333333
PEACE,PEACE,100.0
PEACE,PEACE,100.0
PEACE,PEACE,99.33333333333333
PEACE,PEACE,100.0
PEACE,PEACE,98.66666666666667
PEACE,PEACE,100.0
PEACE,PEACE,98.66666666666667
PEACE,PEACE,99.33333333333333
PEACE,PEACE,99.33333333333333
PEACE,PEACE,99.33333333333333
PEACE,PEACE,100.0
PEACE,PEACE,98.66666666666667
PEACE,PEACE,100.0
PEACE,PEACE,100.0
PEACE,PEACE,100.0
PEACE,PEACE,100.0
PEACE,PEACE,100.0
PEACE,PEACE,100.0
PEACE,PEACE,98.66666666666667
PEACE,PEACE,100.0
PEACE,PEACE,100.0
PEACE,PEACE,100.0
PEACE,PEACE,100.0
PEACE,PEACE,100.0
PEACE,PEACE,100.0
PEACE,PEACE,100.0
PEACE,PEACE,100.0
PEACE,PEACE,99.33333333333333
PEACE,PEACE,100.0
PEACE,PEACE,100.0
PEACE,PEACE,100.0
PEACE,PEACE,100.0
PEACE,PEACE,100.0
PEACE,PEACE,100.0
PEACE,PEACE,100.0
PEACE,PEACE,99.33333333333333
PEACE,PEACE,100.0
PEACE,PEACE,100.0
PEACE,PEACE,100.0
PEACE,PEACE,99.33333333333333
PEACE,PEACE,98.66666666666667
PEACE,PEACE,98.66666666666667
PEACE,PEACE,98.66666666666667
PEACE,PEACE,99.33333333333333
PEACE,PEACE,98.66666666666667
PEACE,PEACE,99.33333333333333
PEACE,PEACE,100.0
PEACE,PEACE,100.0
PEACE,PEACE,98.66666666666667
PEACE,PEACE,99.33333333333333
PEACE,PEACE,99.33333333333333
PEACE,PEACE,100.0
PEACE,PEACE,99.33333333333333
PEACE,PEACE,96.66666666666667
PEACE,PEACE,99.33333333333333
PEACE,PEACE,99.33333333333333
PEACE,PEACE,99.33333333333333
PEACE,PEACE,100.0
PEACE,PEACE,100.0
PEACE,PEACE,100.0
PEACE,PEACE,100.0
PEACE,PEACE,99.33333333333333
PEACE,PEACE,98.0
PEACE,PEACE,80.66666666666666
PEACE,PEACE,97.33333333333334
PEACE,PEACE,90.66666666666666
PEACE,PEACE,90.66666666666666
PEACE,PEACE,97.33333333333334
PEACE,PEACE,97.33333333333334
PEACE,PEACE,94.66666666666667
PEACE,PEACE,93.33333333333333
PEACE,PEACE,90.0
PEACE,PEACE,86.66666666666667
PEACE,PEACE,88.0
PEACE,PEACE,88.0
PEACE,PEACE,90.0
PEACE,PEACE,89.33333333333333
PEACE,PEACE,88.66666666666667
PEACE,PEACE,90.66666666666666
PEACE,PEACE,91.33333333333333
PEACE,PEACE,90.66666666666666
PEACE,PEACE,93.33333333333333
PEACE,PEACE,92.66666666666666
PEACE,PEACE,91.33333333333333
PEACE,PEACE,90.0
PEACE,PEACE,88.66666666666667
PEACE,PEACE,88.66666666666667
PEACE,PEACE,86.66666666666667
PEACE,PEACE,88.0
PEACE,PEACE,71.33333333333334
PEACE,PEACE,99.33333333333333
PEACE,PEACE,99.33333333333333
PEACE,PEACE,98.66666666666667
PEACE,PEACE,98.66666666666667
PEACE,PEACE,96.0
PEACE,PEACE,92.66666666666666
PEACE,PEACE,92.0
PEACE,PEACE,90.66666666666666
PEACE,PEACE,89.33333333333333
PEACE,PEACE,89.33333333333333
PEACE,PEACE,90.66666666666666
PEACE,PEACE,96.0
PEACE,PEACE,94.0
PEACE,PEACE,91.33333333333333
PEACE,PEACE,91.33333333333333
PEACE,PEACE,41.333333333333336
PEACE,PEACE,84.66666666666667
PEACE,PEACE,81.33333333333333
PEACE,PEACE,97.33333333333334
PEACE,PEACE,69.33333333333334
PEACE,PEACE,96.0
PEACE,PEACE,95.33333333333334
PEACE,PEACE,95.33333333333334
PEACE,PEACE,95.33333333333334
PEACE,PEACE,96.0
PEACE,PEACE,96.0
PEACE,PEACE,94.66666666666667
PEACE,PEACE,87.33333333333333
PEACE,PEACE,83.33333333333334
PEACE,PEACE,85.33333333333334
PEACE,PEACE,90.0
PEACE,PEACE,94.0
PEACE,PEACE,86.66666666666667
PEACE,PEACE,94.66666666666667
PEACE,PEACE,95.33333333333334
PEACE,PEACE,96.66666666666667
PEACE,PEACE,93.33333333333333
PEACE,PEACE,96.0
PEACE,PEACE,96.0
PEACE,PEACE,93.33333333333333
PEACE,PEACE,92.0
PEACE,PEACE,91.33333333333333
PEACE,PEACE,98.66666666666667
PEACE,PEACE,98.0
PEACE,PEACE,98.66666666666667
PEACE,PEACE,97.33333333333334
PEACE,PEACE,96.66666666666667
PEACE,PEACE,96.0
PEACE,PEACE,96.0
PEACE,PEACE,97.33333333333334
PEACE,PEACE,100.0
PEACE,PEACE,99.33333333333333
PEACE,PEACE,99.33333333333333
PEACE,PEACE,93.33333333333333
PEACE,PEACE,77.33333333333333
PEACE,PEACE,88.66666666666667
PEACE,PEACE,96.0
PEACE,PEACE,98.66666666666667
PEACE,PEACE,100.0
PEACE,PEACE,100.0
PEACE,PEACE,100.0
PEACE,PEACE,100.0
PEACE,PEACE,100.0
PEACE,PEACE,100.0
PEACE,PEACE,100.0
PEACE,PEACE,100.0
PEACE,PEACE,100.0
PEACE,PEACE,100.0
PEACE,PEACE,96.66666666666667
PEACE,PEACE,92.66666666666666
PEACE,PEACE,84.66666666666667
PEACE,PEACE,80.66666666666666
PEACE,PEACE,77.33333333333333
PEACE,PEACE,78.0
PEACE,PEACE,91.33333333333333
PEACE,PEACE,98.0
PEACE,PEACE,100.0
PEACE,PEACE,99.33333333333333
PEACE,PEACE,99.33333333333333
PEACE,PEACE,100.0
PEACE,PEACE,99.33333333333333
PEACE,PEACE,100.0
PEACE,PEACE,99.33333333333333
PEACE,PEACE,98.66666666666667
PEACE,PEACE,100.0
PEACE,PEACE,97.33333333333334
PEACE,PEACE,100.0
PEACE,PEACE,97.33333333333334
PEACE,PEACE,98.0
PEACE,PEACE,98.0
PEACE,PEACE,97.33333333333334
PEACE,PEACE,99.33333333333333
PEACE,PEACE,98.66666666666667
PEACE,PEACE,98.66666666666667
PEACE,PEACE,99.33333333333333
PEACE,PEACE,98.0
PEACE,PEACE,98.0
PEACE,PEACE,98.0
PEACE,PEACE,99.33333333333333
PEACE,PEACE,99.33333333333333
PEACE,PEACE,98.66666666666667
PEACE,PEACE,97.33333333333334
PEACE,PEACE,96.66666666666667
PEACE,PEACE,98.0
PEACE,PEACE,98.0
PEACE,PEACE,99.33333333333333
PEACE,PEACE,98.66666666666667
PEACE,PEACE,100.0
PEACE,PEACE,99.33333333333333
PEACE,PEACE,98.66666666666667
PEACE,PEACE,98.0
PEACE,PEACE,100.0
PEACE,PEACE,99.33333333333333
PEACE,PEACE,100.0
PEACE,PEACE,99.33333333333333
PEACE,PEACE,99.33333333333333
PEACE,PEACE,100.0
PEACE,PEACE,97.33333333333334
PEACE,PEACE,98.66666666666667
PEACE,PEACE,98.0
PEACE,PEACE,96.0
PEACE,PEACE,97.33333333333334
PEACE,PEACE,98.0
PEACE,PEACE,99.33333333333333
PEACE,PEACE,98.0
PEACE,PEACE,97.33333333333334
PEACE,PEACE,96.0
PEACE,PEACE,86.0
PEACE,PEACE,86.66666666666667
PEACE,PEACE,86.0
PEACE,PEACE,97.33333333333334
PEACE,PEACE,97.33333333333334
PEACE,PEACE,99.33333333333333
PEACE,PEACE,97.33333333333334
PEACE,PEACE,97.33333333333334
PEACE,PEACE,95.33333333333334
PEACE,PEACE,98.66666666666667
PEACE,PEACE,98.66666666666667
PEACE,PEACE,99.33333333333333
PEACE,PEACE,98.66666666666667
PEACE,PEACE,100.0
PEACE,PEACE,99.33333333333333
PEACE,PEACE,99.33333333333333
PEACE,PEACE,98.0
PEACE,PEACE,99.33333333333333
PEACE,PEACE,99.33333333333333
PEACE,PEACE,98.0
PEACE,PEACE,99.33333333333333
PEACE,PEACE,99.33333333333333
PEACE,PEACE,98.0
PEACE,PEACE,96.66666666666667
PEACE,PEACE,92.0
PEACE,PEACE,94.0
PEACE,PEACE,91.33333333333333
PEACE,PEACE,88.66666666666667
PEACE,PEACE,87.33333333333333
PEACE,PEACE,96.66666666666667
PEACE,PEACE,97.33333333333334
PEACE,PEACE,98.0
PEACE,PEACE,99.33333333333333
PEACE,PEACE,62.0
PEACE,PEACE,50.0
PEACE,PEACE,99.33333333333333
PEACE,PEACE,99.33333333333333
PEACE,PEACE,99.33333333333333
PEACE,PEACE,96.66666666666667
PEACE,PEACE,94.0
PEACE,PEACE,92.66666666666666
PEACE,PEACE,88.0
PEACE,PEACE,74.0
PEACE,PEACE,72.66666666666667
PEACE,PEACE,67.33333333333333
PEACE,PEACE,66.0
PEACE,PEACE,63.33333333333333
PEACE,PEACE,78.66666666666666
PEACE,PEACE,88.0
PEACE,PEACE,95.33333333333334
PEACE,PEACE,100.0
PEACE,PEACE,100.0
PEACE,PEACE,100.0
PEACE,PEACE,100.0
PEACE,PEACE,100.0
PEACE,PEACE,99.33333333333333
PEACE,PEACE,99.33333333333333
PEACE,PEACE,97.33333333333334
PEACE,PEACE,96.66666666666667
PEACE,PEACE,96.0
PEACE,PEACE,95.33333333333334
PEACE,PEACE,95.33333333333334
PEACE,PEACE,95.33333333333334
PEACE,PEACE,98.0
PEACE,PEACE,98.0
PEACE,PEACE,98.66666666666667
PEACE,PEACE,98.66666666666667
PEACE,PEACE,98.0
PEACE,PEACE,98.66666666666667
PEACE,PEACE,98.66666666666667
PEACE,PEACE,96.0
PEACE,PEACE,95.33333333333334
PEACE,PEACE,96.0
PEACE,PEACE,94.0
PEACE,PEACE,91.33333333333333
PEACE,PEACE,92.0
PEACE,PEACE,86.66666666666667
PEACE,PEACE,87.33333333333333
PEACE,PEACE,94.0
PEACE,PEACE,92.66666666666666
PEACE,PEACE,90.0
PEACE,PEACE,95.33333333333334
PEACE,PEACE,97.33333333333334
PEACE,PEACE,96.0
PEACE,PEACE,92.66666666666666
PEACE,PEACE,91.33333333333333
PEACE,PEACE,94.0
PEACE,PEACE,97.33333333333334
PEACE,PEACE,96.66666666666667
PEACE,PEACE,98.0
PEACE,PEACE,100.0
PEACE,PEACE,99.33333333333333
PEACE,PEACE,98.0
PEACE,PEACE,98.0
PEACE,PEACE,99.33333333333333
PEACE,PEACE,100.0
PEACE,PEACE,98.0
PEACE,PEACE,98.0
PEACE,PEACE,98.66666666666667
PEACE,PEACE,99.33333333333333
PEACE,PEACE,97.33333333333334
PEACE,PEACE,94.66666666666667
PEACE,PEACE,95.33333333333334
PEACE,PEACE,96.0
PEACE,PEACE,94.0
PEACE,PEACE,96.0
PEACE,PEACE,96.0
PEACE,PEACE,98.66666666666667
PEACE,PEACE,97.33333333333334
PEACE,PEACE,97.33333333333334
PEACE,PEACE,97.33333333333334
PEACE,PEACE,70.66666666666667
PEACE,PEACE,85.33333333333334
PEACE,PEACE,96.0
PEACE,PEACE,96.66666666666667
PEACE,PEACE,98.0
PEACE,PEACE,98.0
PEACE,PEACE,96.0
PEACE,PEACE,98.66666666666667
PEACE,PEACE,98.66666666666667
PEACE,PEACE,98.66666666666667
PEACE,PEACE,98.66666666666667
PEACE,PEACE,88.66666666666667
PEACE,PEACE,80.0
PEACE,PEACE,86.66666666666667
PEACE,PEACE,86.66666666666667
PEACE,PEACE,92.66666666666666
PEACE,PEACE,98.66666666666667
PEACE,PEACE,98.0
PEACE,PEACE,98.66666666666667
PEACE,PEACE,96.0
PEACE,PEACE,98.66666666666667
PEACE,PEACE,94.66666666666667
PEACE,PEACE,94.66666666666667
PEACE,PEACE,96.0
PEACE,PEACE,98.66666666666667
PEACE,PEACE,99.33333333333333
PEACE,PEACE,99.33333333333333
PEACE,PEACE,99.33333333333333
PEACE,PEACE,98.66666666666667
PEACE,PEACE,100.0
PEACE,PEACE,99.33333333333333
PEACE,PEACE,84.0
PEACE,PEACE,79.33333333333333
PEACE,PEACE,78.0
PEACE,PEACE,80.0
PEACE,PEACE,81.33333333333333
PEACE,PEACE,80.0
PEACE,PEACE,100.0
PEACE,PEACE,100.0
PEACE,PEACE,99.33333333333333
PEACE,PEACE,100.0
PEACE,PEACE,99.33333333333333
PEACE,PEACE,99.33333333333333
PEACE,PEACE,98.66666666666667
PEACE,PEACE,99.33333333333333
PEACE,PEACE,98.66666666666667
PEACE,PEACE,99.33333333333333
PEACE,PEACE,96.0
PEACE,PEACE,94.66666666666667
PEACE,PEACE,94.0
PEACE,PEACE,94.66666666666667
PEACE,PEACE,95.33333333333334
PEACE,PEACE,96.66666666666667
PEACE,PEACE,98.66666666666667
PEACE,PEACE,99.33333333333333
PEACE,PEACE,99.33333333333333
PEACE,PEACE,98.0
PEACE,PEACE,96.66666666666667
PEACE,PEACE,96.66666666666667
PEACE,PEACE,98.0
PEACE,PEACE,96.0
PEACE,PEACE,94.66666666666667
PEACE,PEACE,92.66666666666666
PEACE,PEACE,96.66666666666667
PEACE,PEACE,97.33333333333334
PEACE,PEACE,97.33333333333334
PEACE,PEACE,97.33333333333334
PEACE,PEACE,96.66666666666667
PEACE,PEACE,94.66666666666667
PEACE,PEACE,92.66666666666666
PEACE,PEACE,88.0
PEACE,PEACE,85.33333333333334
PEACE,PEACE,84.66666666666667
PEACE,PEACE,81.33333333333333
PEACE,PEACE,80.0
PEACE,PEACE,80.66666666666666
PEACE,PEACE,78.66666666666666
PEACE,PEACE,80.66666666666666
PEACE,PEACE,79.33333333333333
PEACE,PEACE,83.33333333333334
PEACE,PEACE,80.66666666666666
PEACE,PEACE,85.33333333333334
PEACE,PEACE,81.33333333333333
PEACE,PEACE,88.0
PEACE,PEACE,93.33333333333333
PEACE,PEACE,98.0
PEACE,PEACE,97.33333333333334
PEACE,PEACE,98.66666666666667
PEACE,PEACE,98.0
PEACE,PEACE,93.33333333333333
PEACE,PEACE,92.66666666666666
PEACE,PEACE,97.33333333333334
PEACE,PEACE,100.0
PEACE,PEACE,98.66666666666667
PEACE,PEACE,95.33333333333334
PEACE,PEACE,83.33333333333334
PEACE,PEACE,92.0
PEACE,PEACE,93.33333333333333
PEACE,PEACE,90.66666666666666
PEACE,PEACE,92.66666666666666
PEACE,PEACE,65.33333333333333
PEACE,PEACE,92.66666666666666
PEACE,PEACE,96.66666666666667
PEACE,PEACE,95.33333333333334
PEACE,PEACE,98.0
PEACE,PEACE,96.0
PEACE,PEACE,98.0
PEACE,PEACE,96.66666666666667
PEACE,PEACE,93.33333333333333
PEACE,PEACE,92.66666666666666
PEACE,PEACE,90.0
PEACE,PEACE,94.0
PEACE,PEACE,98.0
PEACE,PEACE,98.66666666666667
PEACE,PEACE,99.33333333333333
PEACE,PEACE,99.33333333333333
PEACE,PEACE,98.0
PEACE,PEACE,97.33333333333334
PEACE,PEACE,97.33333333333334
PEACE,PEACE,99.33333333333333
PEACE,PEACE,99.33333333333333
PEACE,PEACE,99.33333333333333
PEACE,PEACE,100.0
PEACE,PEACE,100.0
PEACE,PEACE,98.66666666666667
PEACE,PEACE,98.66666666666667
PEACE,PEACE,99.33333333333333
PEACE,PEACE,99.33333333333333
PEACE,PEACE,98.66666666666667
PEACE,PEACE,99.33333333333333
PEACE,PEACE,99.33333333333333
PEACE,PEACE,98.66666666666667
PEACE,PEACE,100.0
PEACE,PEACE,99.33333333333333
PEACE,PEACE,98.0
PEACE,PEACE,98.66666666666667
PEACE,PEACE,97.33333333333334
PEACE,PEACE,91.33333333333333
PEACE,PEACE,88.66666666666667
PEACE,PEACE,80.66666666666666
PEACE,PEACE,82.66666666666667
PEACE,PEACE,88.0
PEACE,PEACE,91.33333333333333
PEACE,PEACE,92.66666666666666
PEACE,PEACE,98.66666666666667
PEACE,PEACE,100.0
PEACE,PEACE,100.0
PEACE,PEACE,100.0
PEACE,PEACE,99.33333333333333
PEACE,PEACE,100.0
PEACE,PEACE,99.33333333333333
PEACE,PEACE,98.66666666666667
PEACE,PEACE,97.33333333333334
PEACE,PEACE,86.0
PEACE,PEACE,80.0
PEACE,PEACE,83.33333333333334
PEACE,PEACE,82.66666666666667
PEACE,PEACE,96.0
PEACE,PEACE,98.66666666666667
PEACE,PEACE,96.66666666666667
PEACE,PEACE,99.33333333333333
PEACE,PEACE,100.0
PEACE,PEACE,100.0
PEACE,PEACE,100.0
PEACE,PEACE,99.33333333333333
PEACE,PEACE,99.33333333333333
PEACE,PEACE,99.33333333333333
PEACE,PEACE,97.33333333333334
PEACE,PEACE,96.66666666666667
PEACE,PEACE,96.66666666666667
PEACE,PEACE,96.66666666666667
PEACE,PEACE,98.66666666666667
PEACE,PEACE,98.0
PEACE,PEACE,98.0
PEACE,PEACE,96.66666666666667
PEACE,PEACE,96.66666666666667
PEACE,PEACE,94.66666666666667
PEACE,PEACE,94.66666666666667
PEACE,PEACE,94.66666666666667
PEACE,PEACE,98.0
PEACE,PEACE,98.66666666666667
PEACE,PEACE,98.66666666666667
PEACE,PEACE,95.33333333333334
PEACE,PEACE,99.33333333333333
PEACE,PEACE,98.66666666666667
PEACE,PEACE,99.33333333333333
PEACE,PEACE,98.0
PEACE,PEACE,96.66666666666667
PEACE,PEACE,97.33333333333334
PEACE,PEACE,98.66666666666667
PEACE,PEACE,98.66666666666667
PEACE,PEACE,98.0
PEACE,PEACE,98.0
PEACE,PEACE,97.33333333333334
PEACE,PEACE,96.66666666666667
PEACE,PEACE,97.33333333333334
PEACE,PEACE,96.66666666666667
PEACE,PEACE,90.66666666666666
PEACE,PEACE,84.66666666666667
PEACE,PEACE,78.66666666666666
PEACE,PEACE,80.0
PEACE,PEACE,73.33333333333333
PEACE,PEACE,68.0
PEACE,PEACE,84.66666666666667
PEACE,PEACE,90.66666666666666
PEACE,PEACE,95.33333333333334
PEACE,PEACE,96.66666666666667
PEACE,PEACE,98.0
PEACE,PEACE,98.0
PEACE,PEACE,98.66666666666667
PEACE,PEACE,97.33333333333334
PEACE,PEACE,96.66666666666667
PEACE,PEACE,100.0
PEACE,PEACE,99.33333333333333
PEACE,PEACE,99.33333333333333
PEACE,PEACE,98.66666666666667
PEACE,PEACE,99.33333333333333
PEACE,PEACE,98.66666666666667
PEACE,PEACE,98.0
PEACE,PEACE,97.33333333333334
PEACE,PEACE,99.33333333333333
PEACE,PEACE,99.33333333333333
PEACE,PEACE,99.33333333333333
PEACE,PEACE,100.0
PEACE,PEACE,100.0
PEACE,PEACE,100.0
PEACE,PEACE,100.0
PEACE,PEACE,100.0
PEACE,PEACE,100.0
PEACE,PEACE,99.33333333333333
PEACE,PEACE,100.0
PEACE,PEACE,100.0
PEACE,PEACE,98.0
PEACE,PEACE,94.66666666666667
PEACE,PEACE,92.66666666666666
PEACE,PEACE,93.33333333333333
PEACE,PEACE,94.0
PEACE,PEACE,96.0
PEACE,PEACE,100.0
PEACE,PEACE,100.0
PEACE,PEACE,100.0
PEACE,PEACE,100.0
PEACE,PEACE,100.0
PEACE,PEACE,100.0
PEACE,PEACE,68.66666666666667
PEACE,PEACE,71.33333333333334
PEACE,PEACE,60.66666666666667
PEACE,PEACE,54.0
PEACE,PEACE,48.66666666666667
PEACE,PEACE,92.66666666666666
PEACE,PEACE,94.0
PEACE,PEACE,94.0
PEACE,PEACE,94.66666666666667
PEACE,PEACE,100.0
PEACE,PEACE,100.0
PEACE,PEACE,100.0
PEACE,PEACE,100.0
PEACE,PEACE,99.33333333333333
PEACE,PEACE,98.0
PEACE,PEACE,97.33333333333334
PEACE,PEACE,98.0
PEACE,PEACE,98.66666666666667
PEACE,PEACE,100.0
PEACE,PEACE,99.33333333333333
PEACE,PEACE,98.66666666666667
PEACE,PEACE,95.33333333333334
PEACE,PEACE,94.66666666666667
PEACE,PEACE,96.66666666666667
PEACE,PEACE,98.0
PEACE,PEACE,95.33333333333334
PEACE,PEACE,97.33333333333334
PEACE,PEACE,97.33333333333334
PEACE,PEACE,92.0
PEACE,PEACE,98.66666666666667
PEACE,PEACE,96.0
PEACE,PEACE,94.66666666666667
PEACE,PEACE,98.0
PEACE,PEACE,95.33333333333334
PEACE,PEACE,98.0
PEACE,PEACE,97.33333333333334
PEACE,PEACE,97.33333333333334
PEACE,PEACE,98.66666666666667
PEACE,PEACE,94.0
PEACE,PEACE,94.0
PEACE,PEACE,94.66666666666667
PEACE,PEACE,93.33333333333333
PEACE,PEACE,92.66666666666666
PEACE,PEACE,90.66666666666666
PEACE,PEACE,71.33333333333334
PEACE,PEACE,74.0
PEACE,PEACE,70.0
PEACE,PEACE,68.66666666666667
PEACE,PEACE,64.66666666666666
PEACE,PEACE,65.33333333333333
PEACE,PEACE,68.0
PEACE,PEACE,69.33333333333334
PEACE,PEACE,75.33333333333333
PEACE,PEACE,80.66666666666666
PEACE,PEACE,79.33333333333333
PEACE,PEACE,76.66666666666667
PEACE,PEACE,98.0
PEACE,PEACE,94.0
PEACE,PEACE,94.66666666666667
PEACE,PEACE,92.0
PEACE,PEACE,91.33333333333333
PEACE,PEACE,93.33333333333333
PEACE,PEACE,94.0
PEACE,PEACE,92.0
PEACE,PEACE,96.66666666666667
PEACE,PEACE,76.0
PEACE,PEACE,65.33333333333333
PEACE,PEACE,51.33333333333333
PEACE,POINT,68.66666666666667
PEACE,PEACE,78.0
PEACE,PEACE,82.0
PEACE,PEACE,74.66666666666667
PEACE,PEACE,86.66666666666667
PEACE,PEACE,93.33333333333333
PEACE,PEACE,96.66666666666667
PEACE,PEACE,98.0
PEACE,PEACE,93.33333333333333
PEACE,PEACE,91.33333333333333
PEACE,PEACE,92.0
PEACE,PEACE,91.33333333333333
PEACE,PEACE,100.0
PEACE,PEACE,100.0
PEACE,PEACE,100.0
PEACE,PEACE,100.0
PEACE,PEACE,98.66666666666667
PEACE,PEACE,98.66666666666667
PEACE,PEACE,95.33333333333334
PEACE,PEACE,97.33333333333334
PEACE,PEACE,96.66666666666667
PEACE,PEACE,99.33333333333333
PEACE,PEACE,98.66666666666667
PEACE,PEACE,99.33333333333333
PEACE,PEACE,100.0
PEACE,PEACE,100.0
PEACE,PEACE,100.0
PEACE,PEACE,100.0
PEACE,PEACE,100.0
PEACE,PEACE,100.0
PEACE,PEACE,100.0
PEACE,PEACE,96.66666666666667
PEACE,PEACE,97.33333333333334
PEACE,PEACE,95.33333333333334
PEACE,PEACE,93.33333333333333
PEACE,PEACE,84.66666666666667
PEACE,PEACE,80.0
PEACE,PEACE,77.33333333333333
PEACE,PEACE,72.66666666666667
PEACE,PEACE,68.66666666666667
PEACE,PEACE,98.0
PEACE,PEACE,96.0
PEACE,PEACE,95.33333333333334
PEACE,PEACE,95.33333333333334
PEACE,PEACE,96.0
PEACE,PEACE,94.66666666666667
PEACE,PEACE,98.0
PEACE,PEACE,99.33333333333333
PEACE,PEACE,100.0
PEACE,PEACE,99.33333333333333
PEACE,PEACE,98.66666666666667
PEACE,PEACE,98.66666666666667
PEACE,PEACE,97.33333333333334
PEACE,PEACE,98.0
PEACE,PEACE,93.33333333333333
PEACE,PEACE,96.0
PEACE,PEACE,97.33333333333334
PEACE,PEACE,96.66666666666667
PEACE,PEACE,94.66666666666667
PEACE,PEACE,95.33333333333334
PEACE,PEACE,96.0
PEACE,PEACE,95.33333333333334
PEACE,PEACE,95.33333333333334
PEACE,PEACE,96.66666666666667
PEACE,PEACE,94.66666666666667
PEACE,PEACE,94.66666666666667
PEACE,PEACE,97.33333333333334
PEACE,PEACE,96.66666666666667
PEACE,PEACE,98.66666666666667
PEACE,PEACE,96.66666666666667
PEACE,PEACE,96.66666666666667
PEACE,PEACE,96.0
PEACE,PEACE,91.33333333333333
PEACE,PEACE,90.0
PEACE,PEACE,76.0
PEACE,PEACE,74.66666666666667
PEACE,PEACE,73.33333333333333
PEACE,PEACE,73.33333333333333
PEACE,PEACE,68.66666666666667
PEACE,PEACE,65.33333333333333
PEACE,PEACE,70.66666666666667
PEACE,PEACE,70.0
PEACE,PEACE,78.66666666666666
PEACE,PEACE,82.66666666666667
PEACE,PEACE,82.66666666666667
PEACE,PEACE,90.66666666666666
PEACE,PEACE,98.66666666666667
PEACE,PEACE,98.66666666666667
PEACE,PEACE,98.66666666666667
PEACE,PEACE,96.66666666666667
PEACE,PEACE,97.33333333333334
PEACE,PEACE,97.33333333333334
PEACE,PEACE,98.66666666666667
PEACE,PEACE,98.0
PEACE,PEACE,96.0
PEACE,PEACE,96.0
PEACE,PEACE,94.66666666666667
PEACE,PEACE,78.66666666666666
PEACE,PEACE,94.0
PEACE,PEACE,98.0
PEACE,PEACE,99.33333333333333
PEACE,PEACE,99.33333333333333
PEACE,PEACE,96.66666666666667
PEACE,PEACE,94.66666666666667
PEACE,PEACE,99.33333333333333
PEACE,PEACE,99.33333333333333
PEACE,PEACE,98.66666666666667
PEACE,PEACE,99.33333333333333
PEACE,PEACE,99.33333333333333
PEACE,PEACE,97.33333333333334
PEACE,PEACE,98.0
PEACE,PEACE,97.33333333333334
THREE,THREE,100.0
THREE,THREE,99.33333333333333
THREE,THREE,99.33333333333333
THREE,THREE,99.33333333333333
THREE,THREE,100.0
THREE,THREE,99.33333333333333
THREE,THREE,99.33333333333333
THREE,THREE,100.0
THREE,THREE,99.33333333333333
THREE,THREE,98.0
THREE,THREE,99.33333333333333
THREE,THREE,98.66666666666667
THREE,THREE,100.0
THREE,THREE,98.0
THREE,THREE,99.33333333333333
THREE,THREE,98.0
THREE,THREE,99.33333333333333
THREE,THREE,98.0
THREE,THREE,98.0
THREE,THREE,96.66666666666667
THREE,THREE,97.33333333333334
THREE,THREE,98.0
THREE,THREE,97.33333333333334
THREE,THREE,98.0
THREE,THREE,98.0
THREE,THREE,98.0
THREE,THREE,94.0
THREE,THREE,97.33333333333334
THREE,THREE,96.66666666666667
THREE,THREE,97.33333333333334
THREE,THREE,96.66666666666667
THREE,THREE,96.66666666666667
THREE,THREE,95.33333333333334
THREE,THREE,96.66666666666667
THREE,THREE,95.33333333333334
THREE,THREE,95.33333333333334
THREE,THREE,93.33333333333333
THREE,THREE,98.0
THREE,THREE,93.33333333333333
THREE,THREE,96.66666666666667
THREE,THREE,96.66666666666667
THREE,THREE,96.0
THREE,THREE,96.0
THREE,THREE,96.66666666666667
THREE,THREE,97.33333333333334
THREE,THREE,95.33333333333334
THREE,THREE,95.33333333333334
THREE,THREE,96.0
THREE,THREE,97.33333333333334
THREE,THREE,92.0
THREE,THREE,96.66666666666667
THREE,THREE,96.66666666666667
THREE,THREE,96.66666666666667
THREE,THREE,96.66666666666667
THREE,THREE,96.66666666666667
THREE,THREE,96.66666666666667
THREE,THREE,96.66666666666667
THREE,THREE,96.66666666666667
THREE,THREE,94.0
THREE,THREE,96.66666666666667
THREE,THREE,95.33333333333334
THREE,THREE,97.33333333333334
THREE,THREE,95.33333333333334
THREE,THREE,96.0
THREE,THREE,96.66666666666667
THREE,THREE,95.33333333333334
THREE,THREE,97.33333333333334
THREE,THREE,95.33333333333334
THREE,THREE,99.33333333333333
THREE,THREE,96.66666666666667
THREE,THREE,96.0
THREE,THREE,96.66666666666667
THREE,THREE,96.0
THREE,THREE,98.0
THREE,THREE,96.66666666666667
THREE,THREE,97.33333333333334
THREE,THREE,96.66666666666667
THREE,THREE,97.33333333333334
THREE,THREE,97.33333333333334
THREE,THREE,97.33333333333334
THREE,THREE,96.66666666666667
THREE,THREE,96.0
THREE,THREE,97.33333333333334
THREE,THREE,96.66666666666667
THREE,THREE,97.33333333333334
THREE,THREE,97.33333333333334
THREE,THREE,95.33333333333334
THREE,THREE,96.66666666666667
THREE,THREE,97.33333333333334
THREE,THREE,96.66666666666667
THREE,THREE,98.66666666666667
THREE,THREE,98.0
THREE,THREE,98.0
THREE,THREE,98.0
THREE,THREE,97.33333333333334
THREE,THREE,97.33333333333334
THREE,THREE,97.33333333333334
THREE,THREE,98.0
THREE,THREE,96.66666666666667
THREE,THREE,97.33333333333334
THREE,THREE,98.0
THREE,THREE,97.33333333333334
THREE,THREE,97.33333333333334
THREE,THREE,96.0
THREE,THREE,96.66666666666667
THREE,THREE,96.66666666666667
THREE,THREE,98.66666666666667
THREE,THREE,100.0
THREE,THREE,98.66666666666667
THREE,THREE,98.0
THREE,THREE,98.66666666666667
THREE,THREE,89.33333333333333
THREE,THREE,89.33333333333333
THREE,THREE,86.66666666666667
THREE,THREE,87.33333333333333
THREE,THREE,91.33333333333333
THREE,THREE,95.33333333333334
THREE,THREE,96.0
THREE,THREE,95.33333333333334
THREE,THREE,96.66666666666667
THREE,THREE,97.33333333333334
THREE,THREE,94.0
THREE,THREE,87.33333333333333
THREE,THREE,84.66666666666667
THREE,THREE,82.0
THREE,THREE,92.0
THREE,THREE,89.33333333333333
THREE,THREE,96.0
THREE,THREE,96.66666666666667
THREE,THREE,96.66666666666667
THREE,THREE,92.0
THREE,THREE,91.33333333333333
THREE,THREE,95.33333333333334
THREE,THREE,90.66666666666666
THREE,THREE,92.66666666666666
THREE,THREE,90.0
THREE,THREE,81.33333333333333
THREE,THREE,78.0
THREE,THREE,79.33333333333333
THREE,THREE,78.0
THREE,THREE,77.33333333333333
THREE,THREE,87.33333333333333
THREE,THREE,89.33333333333333
THREE,THREE,90.66666666666666
THREE,THREE,92.66666666666666
THREE,THREE,92.0
THREE,THREE,93.33333333333333
THREE,THREE,92.66666666666666
THREE,THREE,91.33333333333333
THREE,THREE,86.0
THREE,THREE,81.33333333333333
THREE,THREE,80.66666666666666
THREE,THREE,74.66666666666667
THREE,THREE,72.0
THREE,THREE,72.66666666666667
THREE,THREE,82.66666666666667
THREE,THREE,77.33333333333333
THREE,THREE,82.0
THREE,THREE,80.66666666666666
THREE,THREE,80.66666666666666
THREE,THREE,82.66666666666667
THREE,THREE,75.33333333333333
THREE,THREE,78.0
THREE,THREE,80.0
THREE,THREE,81.33333333333333
THREE,THREE,79.33333333333333
THREE,THREE,84.0
THREE,THREE,73.33333333333333
THREE,THREE,69.33333333333334
THREE,THREE,62.66666666666667
THREE,THREE,77.33333333333333
THREE,THREE,78.66666666666666
THREE,THREE,81.33333333333333
THREE,THREE,82.66666666666667
THREE,THREE,74.66666666666667
THREE,THREE,68.0
THREE,THREE,78.0
THREE,THREE,74.0
THREE,THREE,76.0
THREE,THREE,72.0
THREE,THREE,78.66666666666666
THREE,THREE,78.66666666666666
THREE,THREE,80.0
THREE,THREE,79.33333333333333
THREE,THREE,77.33333333333333
THREE,THREE,76.0
THREE,THREE,77.33333333333333
THREE,THREE,74.0
THREE,THREE,69.33333333333334
THREE,THREE,74.0
THREE,THREE,82.66666666666667
THREE,THREE,86.0
THREE,THREE,84.0
THREE,THREE,84.0
THREE,THREE,86.0
THREE,THREE,84.0
THREE,THREE,88.66666666666667
THREE,THREE,86.0
THREE,THREE,88.0
THREE,THREE,87.33333333333333
THREE,THREE,84.0
THREE,THREE,82.0
THREE,THREE,84.0
THREE,THREE,85.33333333333334
THREE,THREE,85.33333333333334
THREE,THREE,87.33333333333333
THREE,THREE,82.66666666666667
THREE,THREE,82.66666666666667
THREE,THREE,72.66666666666667
THREE,THREE,71.33333333333334
THREE,THREE,83.33333333333334
THREE,THREE,87.33333333333333
THREE,THREE,89.33333333333333
THREE,THREE,90.0
THREE,THREE,88.66666666666667
THREE,THREE,95.33333333333334
THREE,THREE,87.33333333333333
THREE,THREE,88.66666666666667
THREE,THREE,90.66666666666666
THREE,THREE,88.66666666666667
THREE,THREE,88.0
THREE,THREE,92.0
THREE,THREE,96.66666666666667
THREE,THREE,92.0
THREE,THREE,92.0
THREE,THREE,89.33333333333333
THREE,THREE,92.66666666666666
THREE,THREE,92.0
THREE,THREE,95.33333333333334
THREE,THREE,95.33333333333334
THREE,THREE,96.66666666666667
THREE,THREE,93.33333333333333
THREE,THREE,98.66666666666667
THREE,THREE,86.0
THREE,THREE,88.66666666666667
THREE,THREE,90.66666666666666
THREE,THREE,88.66666666666667
THREE,THREE,82.0
THREE,THREE,80.0
THREE,THREE,68.66666666666667
THREE,THREE,60.66666666666667
THREE,THREE,56.666666666666664
THREE,THREE,53.333333333333336
THREE,THREE,51.33333333333333
THREE,PEACE,34.66666666666667
THREE,PEACE,40.0
THREE,PEACE,41.333333333333336
THREE,PEACE,37.333333333333336
THREE,PEACE,36.0
THREE,PEACE,36.666666666666664
THREE,PEACE,36.0
THREE,THREE,73.33333333333333
THREE,THREE,85.33333333333334
THREE,THREE,86.66666666666667
THREE,THREE,88.66666666666667
THREE,THREE,90.66666666666666
THREE,THREE,90.66666666666666
THREE,THREE,93.33333333333333
THREE,THREE,95.33333333333334
THREE,THREE,94.0
THREE,THREE,95.33333333333334
THREE,THREE,94.66666666666667
THREE,THREE,97.33333333333334
THREE,THREE,96.0
THREE,THREE,92.0
THREE,THREE,88.66666666666667
THREE,THREE,89.33333333333333
THREE,THREE,85.33333333333334
THREE,THREE,81.33333333333333
THREE,THREE,84.66666666666667
THREE,THREE,85.33333333333334
THREE,THREE,80.66666666666666
THREE,THREE,80.66666666666666
THREE,THREE,78.66666666666666
THREE,THREE,78.66666666666666
THREE,THREE,76.66666666666667
THREE,THREE,79.33333333333333
THREE,THREE,80.0
THREE,THREE,94.0
THREE,THREE,94.0
THREE,THREE,94.66666666666667
THREE,THREE,93.33333333333333
THREE,THREE,91.33333333333333
THREE,THREE,94.0
THREE,THREE,84.0
THREE,THREE,76.0
THREE,THREE,76.0
THREE,THREE,76.66666666666667
THREE,THREE,76.66666666666667
THREE,THREE,79.33333333333333
THREE,THREE,88.0
THREE,THREE,84.66666666666667
THREE,THREE,84.0
THREE,THREE,80.0
THREE,THREE,90.0
THREE,THREE,91.33333333333333
THREE,THREE,92.66666666666666
THREE,THREE,96.66666666666667
THREE,THREE,81.33333333333333
THREE,THREE,79.33333333333333
THREE,THREE,51.33333333333333
THREE,THREE,53.333333333333336
THREE,THREE,57.333333333333336
THREE,THREE,53.333333333333336
THREE,THREE,57.99999999999999
THREE,THREE,50.66666666666667
THREE,THREE,54.0
THREE,THREE,57.99999999999999
THREE,THREE,64.66666666666666
THREE,THREE,63.33333333333333
THREE,THREE,65.33333333333333
THREE,THREE,63.33333333333333
THREE,THREE,64.66666666666666
THREE,THREE,57.99999999999999
THREE,THREE,57.333333333333336
THREE,THREE,52.0
THREE,THREE,58.666666666666664
THREE,THREE,54.0
THREE,THREE,62.66666666666667
THREE,THREE,76.0
THREE,THREE,74.0
THREE,THREE,53.333333333333336
THREE,THREE,74.66666666666667
THREE,THREE,82.0
THREE,THREE,77.33333333333333
THREE,THREE,82.66666666666667
THREE,THREE,79.33333333333333
THREE,THREE,80.0
THREE,THREE,71.33333333333334
THREE,THREE,63.33333333333333
THREE,THREE,64.0
THREE,THREE,67.33333333333333
THREE,THREE,67.33333333333333
THREE,THREE,65.33333333333333
THREE,THREE,73.33333333333333
THREE,THREE,81.33333333333333
THREE,THREE,82.0
THREE,THREE,84.66666666666667
THREE,THREE,85.33333333333334
THREE,THREE,82.0
THREE,THREE,77.33333333333333
THREE,THREE,80.66666666666666
THREE,THREE,80.0
THREE,THREE,79.33333333333333
THREE,THREE,78.66666666666666
THREE,THREE,82.66666666666667
THREE,THREE,78.66666666666666
THREE,THREE,78.0
THREE,THREE,78.0
THREE,THREE,76.0
THREE,THREE,80.0
THREE,THREE,82.0
THREE,THREE,79.33333333333333
THREE,THREE,81.33333333333333
THREE,THREE,87.33333333333333
THREE,THREE,91.33333333333333
THREE,THREE,94.66666666666667
THREE,THREE,89.33333333333333
THREE,THREE,90.0
THREE,THREE,90.66666666666666
THREE,THREE,93.33333333333333
THREE,THREE,90.0
THREE,THREE,93.33333333333333
THREE,THREE,94.0
THREE,THREE,96.0
THREE,THREE,94.0
THREE,THREE,90.66666666666666
THREE,THREE,92.66666666666666
THREE,THREE,92.66666666666666
THREE,THREE,96.66666666666667
THREE,THREE,94.66666666666667
THREE,THREE,94.66666666666667
THREE,THREE,94.0
THREE,THREE,86.66666666666667
THREE,THREE,84.66666666666667
THREE,THREE,84.66666666666667
THREE,THREE,84.66666666666667
THREE,THREE,84.66666666666667
THREE,THREE,86.66666666666667
THREE,THREE,82.0
THREE,THREE,83.33333333333334
THREE,THREE,95.33333333333334
THREE,THREE,96.0
THREE,THREE,92.66666666666666
THREE,THREE,95.33333333333334
THREE,THREE,85.33333333333334
THREE,THREE,92.66666666666666
THREE,THREE,89.33333333333333
THREE,THREE,90.0
THREE,THREE,91.33333333333333
THREE,THREE,86.66666666666667
THREE,THREE,88.0
THREE,THREE,80.66666666666666
THREE,THREE,72.66666666666667
THREE,THREE,76.0
THREE,THREE,72.0
THREE,THREE,71.33333333333334
THREE,THREE,76.66666666666667
THREE,THREE,78.0
THREE,THREE,82.0
THREE,THREE,68.66666666666667
THREE,THREE,67.33333333333333
THREE,THREE,68.0
THREE,THREE,68.0
THREE,THREE,70.66666666666667
THREE,THREE,86.66666666666667
THREE,THREE,92.66666666666666
THREE,THREE,93.33333333333333
THREE,THREE,90.66666666666666
THREE,THREE,84.0
THREE,THREE,77.33333333333333
THREE,THREE,65.33333333333333
THREE,THREE,70.66666666666667
THREE,THREE,78.66666666666666
THREE,THREE,89.33333333333333
THREE,THREE,96.0
THREE,THREE,95.33333333333334
THREE,THREE,93.33333333333333
THREE,THREE,96.66666666666667
THREE,THREE,85.33333333333334
THREE,THREE,75.33333333333333
THREE,THREE,68.0
THREE,THREE,68.66666666666667
THREE,THREE,67.33333333333333
THREE,THREE,65.33333333333333
THREE,THREE,65.33333333333333
THREE,THREE,71.33333333333334
THREE,THREE,79.33333333333333
THREE,THREE,76.66666666666667
THREE,THREE,80.0
THREE,THREE,86.66666666666667
THREE,THREE,75.33333333333333
THREE,THREE,52.0
THREE,THREE,76.0
THREE,THREE,68.66666666666667
THREE,THREE,70.66666666666667
THREE,THREE,64.0
THREE,THREE,56.666666666666664
THREE,THREE,66.66666666666666
THREE,THREE,60.66666666666667
THREE,THREE,66.66666666666666
THREE,THREE,76.0
THREE,THREE,76.66666666666667
THREE,THREE,87.33333333333333
THREE,THREE,80.0
THREE,THREE,80.66666666666666
THREE,PEACE,76.0
THREE,THREE,70.0
THREE,THREE,75.33333333333333
THREE,THREE,74.0
THREE,THREE,81.33333333333333
THREE,THREE,84.66666666666667
THREE,THREE,77.33333333333333
THREE,THREE,77.33333333333333
THREE,THREE,76.0
THREE,THREE,73.33333333333333
THREE,THREE,73.33333333333333
THREE,THREE,80.0
THREE,THREE,86.0
THREE,THREE,82.66666666666667
THREE,THREE,84.0
THREE,THREE,84.0
THREE,THREE,78.66666666666666
THREE,THREE,78.66666666666666
THREE,THREE,78.66666666666666
THREE,THREE,76.0
THREE,THREE,78.0
THREE,THREE,76.0
THREE,THREE,68.0
THREE,THREE,73.33333333333333
THREE,THREE,66.66666666666666
THREE,THREE,57.333333333333336
THREE,THREE,77.33333333333333
THREE,THREE,66.66666666666666
THREE,THREE,70.0
THREE,THREE,63.33333333333333
THREE,THREE,62.0
THREE,THREE,62.66666666666667
THREE,THREE,49.333333333333336
THREE,THREE,49.333333333333336
THREE,THREE,65.33333333333333
THREE,THREE,78.0
THREE,THREE,70.0
THREE,THREE,64.0
THREE,THREE,64.0
THREE,THREE,80.66666666666666
THREE,THREE,56.666666666666664
THREE,THREE,66.0
THREE,THREE,70.66666666666667
THREE,THREE,70.0
THREE,THREE,68.0
THREE,THREE,76.0
THREE,THREE,74.66666666666667
THREE,THREE,80.0
THREE,THREE,86.0
THREE,THREE,76.66666666666667
THREE,THREE,71.33333333333334
THREE,THREE,82.0
THREE,THREE,80.66666666666666
THREE,THREE,77.33333333333333
THREE,THREE,84.66666666666667
THREE,THREE,90.0
THREE,THREE,83.33333333333334
THREE,THREE,87.33333333333333
THREE,THREE,85.33333333333334
THREE,THREE,89.33333333333333
THREE,THREE,92.66666666666666
THREE,THREE,96.0
THREE,THREE,97.33333333333334
THREE,THREE,98.66666666666667
THREE,THREE,98.0
THREE,THREE,98.66666666666667
THREE,THREE,85.33333333333334
THREE,THREE,84.66666666666667
THREE,THREE,82.0
THREE,THREE,82.66666666666667
THREE,THREE,83.33333333333334
THREE,THREE,90.66666666666666
THREE,THREE,87.33333333333333
THREE,THREE,94.66666666666667
THREE,THREE,96.0
THREE,THREE,96.0
THREE,THREE,95.33333333333334
THREE,THREE,95.33333333333334
THREE,THREE,93.33333333333333
THREE,THREE,96.66666666666667
THREE,THREE,96.66666666666667
THREE,THREE,98.0
THREE,THREE,98.0
THREE,THREE,97.33333333333334
THREE,THREE,97.33333333333334
THREE,THREE,90.66666666666666
THREE,THREE,91.33333333333333
THREE,THREE,92.0
THREE,THREE,92.0
THREE,THREE,97.33333333333334
THREE,THREE,96.66666666666667
THREE,THREE,92.0
THREE,THREE,91.33333333333333
THREE,THREE,91.33333333333333
THREE,THREE,88.66666666666667
THREE,THREE,90.66666666666666
THREE,THREE,82.66666666666667
THREE,THREE,80.0
THREE,THREE,82.66666666666667
THREE,THREE,80.0
THREE,THREE,78.66666666666666
THREE,THREE,70.66666666666667
THREE,THREE,71.33333333333334
THREE,THREE,72.0
THREE,THREE,80.66666666666666
THREE,THREE,71.33333333333334
THREE,THREE,70.66666666666667
THREE,THREE,70.0
THREE,THREE,74.0
THREE,THREE,73.33333333333333
THREE,THREE,74.0
THREE,THREE,77.33333333333333
THREE,THREE,81.33333333333333
THREE,THREE,75.33333333333333
THREE,THREE,77.33333333333333
THREE,THREE,84.0
THREE,THREE,74.0
THREE,THREE,78.66666666666666
THREE,THREE,77.33333333333333
THREE,THREE,71.33333333333334
THREE,THREE,81.33333333333333
THREE,THREE,82.66666666666667
THREE,THREE,71.33333333333334
THREE,THREE,73.33333333333333
THREE,THREE,72.0
THREE,THREE,73.33333333333333
THREE,THREE,78.66666666666666
THREE,THREE,79.33333333333333
THREE,THREE,83.33333333333334
THREE,THREE,80.66666666666666
THREE,THREE,82.0
THREE,THREE,80.0
THREE,THREE,78.66666666666666
THREE,THREE,73.33333333333333
THREE,THREE,71.33333333333334
THREE,THREE,83.33333333333334
THREE,THREE,86.66666666666667
THREE,THREE,83.33333333333334
THREE,THREE,64.0
THREE,THREE,62.0
THREE,THREE,60.0
THREE,THREE,62.0
THREE,THREE,58.666666666666664
THREE,THREE,64.0
THREE,THREE,88.66666666666667
THREE,THREE,94.0
THREE,THREE,90.66666666666666
THREE,THREE,92.66666666666666
THREE,THREE,84.0
THREE,THREE,84.0
THREE,THREE,78.66666666666666
THREE,THREE,79.33333333333333
THREE,THREE,80.66666666666666
THREE,THREE,82.0
THREE,THREE,83.33333333333334
THREE,THREE,86.0
THREE,THREE,68.66666666666667
THREE,THREE,84.0
THREE,THREE,82.0
THREE,THREE,87.33333333333333
THREE,THREE,90.0
THREE,THREE,88.66666666666667
THREE,THREE,85.33333333333334
THREE,THREE,88.0
THREE,THREE,86.0
THREE,THREE,85.33333333333334
THREE,THREE,86.66666666666667
THREE,THREE,80.0
THREE,THREE,83.33333333333334
THREE,THREE,92.0
THREE,THREE,93.33333333333333
THREE,THREE,90.0
THREE,THREE,93.33333333333333
THREE,THREE,93.33333333333333
THREE,THREE,92.0
THREE,THREE,93.33333333333333
THREE,THREE,87.33333333333333
THREE,THREE,87.33333333333333
THREE,THREE,90.0
THREE,THREE,84.0
THREE,THREE,82.66666666666667
THREE,THREE,82.0
THREE,THREE,88.66666666666667
THREE,THREE,90.66666666666666
THREE,THREE,89.33333333333333
THREE,THREE,90.66666666666666
THREE,THREE,90.0
THREE,THREE,92.66666666666666
THREE,THREE,86.0
THREE,THREE,82.0
THREE,THREE,86.0
THREE,THREE,84.66666666666667
THREE,THREE,84.0
THREE,THREE,87.33333333333333
THREE,THREE,88.0
THREE,THREE,91.33333333333333
THREE,THREE,90.66666666666666
THREE,THREE,96.66666666666667
THREE,THREE,90.0
THREE,THREE,96.0
THREE,THREE,87.33333333333333
THREE,THREE,91.33333333333333
THREE,THREE,96.66666666666667
THREE,THREE,87.33333333333333
THREE,THREE,88.66666666666667
THREE,THREE,91.33333333333333
THREE,THREE,88.0
THREE,THREE,98.0
THREE,THREE,97.33333333333334
THREE,THREE,90.66666666666666
THREE,THREE,96.66666666666667
THREE,THREE,91.33333333333333
THREE,THREE,86.0
THREE,THREE,87.33333333333333
THREE,THREE,97.33333333333334
THREE,THREE,98.66666666666667
THREE,THREE,97.33333333333334
THREE,THREE,98.0
THREE,THREE,99.33333333333333
THREE,THREE,99.33333333333333
THREE,THREE,100.0
THREE,THREE,98.66666666666667
THREE,THREE,98.66666666666667
THREE,THREE,97.33333333333334
THREE,THREE,98.66666666666667
THREE,THREE,98.0
THREE,THREE,98.0
THREE,THREE,99.33333333333333
THREE,THREE,98.66666666666667
THREE,THREE,98.0
THREE,THREE,99.33333333333333
THREE,THREE,98.0
THREE,THREE,100.0
THREE,THREE,98.66666666666667
THREE,THREE,99.33333333333333
THREE,THREE,99.33333333333333
THREE,THREE,98.66666666666667
THREE,THREE,98.0
THREE,THREE,98.0
THREE,THREE,98.0
THREE,THREE,98.0
THREE,THREE,96.0
THREE,THREE,97.33333333333334
THREE,THREE,97.33333333333334
THREE,THREE,97.33333333333334
THREE,THREE,97.33333333333334
THREE,THREE,95.33333333333334
THREE,THREE,94.66666666666667
THREE,THREE,92.0
THREE,THREE,88.66666666666667
THREE,THREE,91.33333333333333
THREE,THREE,90.0
THREE,THREE,84.66666666666667
THREE,THREE,88.0
THREE,THREE,94.0
THREE,THREE,90.66666666666666
THREE,THREE,94.66666666666667
THREE,THREE,92.66666666666666
THREE,THREE,94.66666666666667
THREE,THREE,94.0
THREE,THREE,94.0
THREE,THREE,93.33333333333333
THREE,THREE,96.66666666666667
THREE,THREE,98.66666666666667
THREE,PEACE,100.0
THREE,PEACE,76.0
THREE,THREE,96.66666666666667
THREE,THREE,92.66666666666666
THREE,THREE,90.0
THREE,THREE,86.0
THREE,THREE,89.33333333333333
THREE,THREE,87.33333333333333
THREE,THREE,91.33333333333333
THREE,THREE,90.0
THREE,THREE,89.33333333333333
THREE,THREE,73.33333333333333
THREE,THREE,88.66666666666667
THREE,THREE,85.33333333333334
THREE,THREE,85.33333333333334
THREE,THREE,88.0
THREE,THREE,88.66666666666667
THREE,THREE,89.33333333333333
THREE,THREE,88.0
THREE,THREE,89.33333333333333
THREE,THREE,90.66666666666666
THREE,THREE,88.66666666666667
THREE,THREE,90.0
THREE,THREE,91.33333333333333
THREE,THREE,93.33333333333333
THREE,THREE,94.0
THREE,THREE,93.33333333333333
THREE,THREE,92.0
THREE,THREE,90.66666666666666
THREE,THREE,90.66666666666666
THREE,THREE,92.66666666666666
THREE,THREE,91.33333333333333
THREE,THREE,89.33333333333333
THREE,PEACE,79.33333333333333
THREE,THREE,94.0
THREE,THREE,90.66666666666666
THREE,THREE,91.33333333333333
THREE,THREE,93.33333333333333
THREE,THREE,94.66666666666667
THREE,THREE,95.33333333333334
THREE,THREE,95.33333333333334
THREE,THREE,96.66666666666667
THREE,THREE,98.66666666666667
THREE,THREE,93.33333333333333
THREE,THREE,94.0
THREE,THREE,96.0
THREE,THREE,96.66666666666667
THREE,THREE,96.0
THREE,THREE,93.33333333333333
THREE,THREE,93.33333333333333
THREE,THREE,90.66666666666666
THREE,THREE,92.66666666666666
THREE,THREE,93.33333333333333
THREE,THREE,78.66666666666666
THREE,THREE,85.33333333333334
THREE,THREE,92.66666666666666
THREE,THREE,88.0
THREE,THREE,90.0
THREE,THREE,93.33333333333333
THREE,THREE,93.33333333333333
THREE,THREE,88.0
THREE,THREE,88.66666666666667
THREE,THREE,92.66666666666666
THREE,THREE,94.0
THREE,THREE,91.33333333333333
THREE,THREE,90.66666666666666
THREE,THREE,88.0
THREE,THREE,92.0
THREE,THREE,90.0
THREE,THREE,93.33333333333333
THREE,THREE,92.0
THREE,THREE,87.33333333333333
THREE,THREE,89.33333333333333
THREE,THREE,84.0
THREE,THREE,86.0
THREE,THREE,88.0
THREE,THREE,88.0
THREE,THREE,94.66666666666667
THREE,THREE,90.0
THREE,THREE,89.33333333333333
THREE,THREE,92.0
THREE,THREE,86.0
THREE,THREE,92.66666666666666
THREE,THREE,91.33333333333333
THREE,THREE,88.66666666666667
THREE,THREE,88.66666666666667
THREE,THREE,86.66666666666667
THREE,THREE,88.66666666666667
THREE,THREE,84.0
THREE,THREE,86.66666666666667
THREE,THREE,70.0
THREE,THREE,74.66666666666667
THREE,THREE,72.66666666666667
THREE,THREE,72.0
THREE,THREE,71.33333333333334
THREE,THREE,71.33333333333334
THREE,THREE,73.33333333333333
THREE,THREE,72.0
THREE,THREE,73.33333333333333
THREE,THREE,74.0
THREE,THREE,72.0
THREE,THREE,70.66666666666667
THREE,THREE,71.33333333333334
THREE,THREE,74.66666666666667
THREE,THREE,80.66666666666666
THREE,THREE,83.33333333333334
THREE,THREE,99.33333333333333
THREE,THREE,96.0
THREE,THREE,97.33333333333334
THREE,THREE,96.0
THREE,THREE,97.33333333333334
THREE,THREE,96.0
THREE,THREE,98.0
THREE,THREE,91.33333333333333
THREE,THREE,92.0
THREE,THREE,95.33333333333334
THREE,THREE,94.66666666666667
THREE,THREE,98.0
THREE,THREE,92.0
THREE,THREE,92.0
THREE,THREE,92.0
THREE,THREE,94.0
THREE,THREE,92.66666666666666
THREE,THREE,92.0
THREE,THREE,84.66666666666667
THREE,THREE,92.0
THREE,THREE,92.0
THREE,THREE,89.33333333333333
THREE,THREE,84.0
THREE,THREE,78.66666666666666
THREE,THREE,83.33333333333334
THREE,THREE,82.66666666666667
THREE,THREE,82.0
THREE,THREE,83.33333333333334
THREE,THREE,79.33333333333333
THREE,THREE,79.33333333333333
THREE,THREE,83.33333333333334
THREE,THREE,86.66666666666667
THREE,THREE,89.33333333333333
THREE,THREE,94.66666666666667
THREE,THREE,93.33333333333333
THREE,THREE,94.0
THREE,THREE,96.66666666666667
THREE,THREE,98.0
THREE,THREE,96.66666666666667
THREE,THREE,98.0
THREE,THREE,97.33333333333334
THREE,THREE,96.66666666666667
THREE,THREE,93.33333333333333
THREE,THREE,94.66666666666667
THREE,THREE,95.33333333333334
THREE,THREE,82.0
THREE,THREE,86.66666666666667
THREE,THREE,81.33333333333333
THREE,THREE,76.0
THREE,THREE,80.66666666666666
THREE,THREE,82.0
THREE,THREE,86.0
THREE,THREE,85.33333333333334
THREE,THREE,92.0
THREE,THREE,93.33333333333333
THREE,THREE,84.66666666666667
THREE,THREE,84.66666666666667
THREE,THREE,84.66666666666667
THREE,THREE,84.0
THREE,THREE,83.33333333333334
THREE,THREE,80.0
THREE,THREE,86.0
THREE,THREE,90.66666666666666
THREE,THREE,89.33333333333333
THREE,THREE,91.33333333333333
THREE,THREE,89.33333333333333
THREE,THREE,86.0
THREE,THREE,76.0
THREE,THREE,80.0
THREE,THREE,80.0
THREE,THREE,82.0
THREE,THREE,78.0
THREE,THREE,75.33333333333333
THREE,THREE,78.66666666666666
THREE,THREE,76.0
THREE,THREE,78.66666666666666
THREE,THREE,78.0
THREE,THREE,82.66666666666667
THREE,THREE,86.0
THREE,THREE,88.0
THREE,THREE,89.33333333333333
THREE,THREE,90.0
THREE,THREE,90.66666666666666
THREE,THREE,91.33333333333333
THREE,THREE,92.0
THREE,THREE,88.66666666666667
THREE,THREE,88.66666666666667
THREE,THREE,89.33333333333333
THREE,THREE,89.33333333333333
THREE,THREE,90.0
THREE,THREE,88.66666666666667
THREE,THREE,86.66666666666667
THREE,THREE,87.33333333333333
THREE,THREE,88.66666666666667
THREE,THREE,88.66666666666667
THREE,THREE,81.33333333333333
THREE,THREE,83.33333333333334
THREE,THREE,83.33333333333334
THREE,THREE,81.33333333333333
THREE,THREE,74.0
THREE,THREE,72.0
THREE,THREE,68.0
THREE,THREE,68.66666666666667
THREE,THREE,71.33333333333334
THREE,THREE,70.0
THREE,THREE,75.33333333333333
THREE,THREE,79.33333333333333
THREE,THREE,83.33333333333334
THREE,THREE,82.66666666666667
THREE,THREE,84.0
THREE,THREE,88.66666666666667
THREE,THREE,89.33333333333333
THREE,THREE,91.33333333333333
THREE,THREE,88.66666666666667
THREE,THREE,93.33333333333333
THREE,THREE,88.0
THREE,THREE,88.0
THREE,THREE,89.33333333333333
THREE,THREE,90.66666666666666
THREE,THREE,90.0
THREE,THREE,88.66666666666667
THREE,THREE,88.66666666666667
THREE,THREE,90.0
THREE,THREE,90.0
THREE,THREE,90.66666666666666
THREE,THREE,91.33333333333333
THREE,THREE,90.66666666666666
THREE,THREE,89.33333333333333
THREE,THREE,88.66666666666667
THREE,THREE,84.66666666666667
THREE,THREE,89.33333333333333
THREE,THREE,87.33333333333333
THREE,THREE,83.33333333333334
THREE,THREE,78.0
THREE,THREE,80.66666666666666
THREE,THREE,78.66666666666666
THREE,THREE,82.66666666666667
THREE,THREE,79.33333333333333
THREE,THREE,84.0
THREE,THREE,86.0
THREE,THREE,92.0
THREE,THREE,87.33333333333333
THREE,THREE,91.33333333333333
THREE,THREE,89.33333333333333
THREE,THREE,92.66666666666666
THREE,THREE,92.0
THREE,THREE,93.33333333333333
THREE,THREE,96.66666666666667
THREE,THREE,95.33333333333334
THREE,THREE,97.33333333333334
THREE,THREE,95.33333333333334
THREE,THREE,94.66666666666667
THREE,THREE,96.66666666666667
THREE,THREE,94.0
THREE,THREE,94.0
THREE,THREE,96.0
THREE,THREE,95.33333333333334
THREE,THREE,94.0
THREE,THREE,96.66666666666667
THREE,THREE,94.66666666666667
THREE,THREE,94.66666666666667
THREE,THREE,93.33333333333333
THREE,THREE,91.33333333333333
THREE,THREE,86.66666666666667
THREE,THREE,87.33333333333333
THREE,THREE,90.66666666666666
THREE,THREE,88.0
THREE,THREE,77.33333333333333
THREE,THREE,86.66666666666667
THREE,THREE,80.66666666666666
THREE,THREE,79.33333333333333
THREE,THREE,83.33333333333334
THREE,THREE,88.66666666666667
THREE,THREE,92.0
THREE,THREE,90.0
THREE,THREE,88.66666666666667
THREE,THREE,90.66666666666666
THREE,THREE,88.66666666666667
THREE,THREE,88.0
THREE,THREE,90.66666666666666
THREE,THREE,90.66666666666666
THREE,THREE,84.66666666666667
THREE,THREE,89.33333333333333
THREE,THREE,88.66666666666667
ROCK,ROCK,90.66666666666666
ROCK,ROCK,90.0
ROCK,ROCK,89.33333333333333
ROCK,ROCK,91.33333333333333
ROCK,ROCK,90.66666666666666
ROCK,ROCK,91.33333333333333
ROCK,ROCK,89.33333333333333
ROCK,ROCK,92.0
ROCK,ROCK,92.0
ROCK,ROCK,92.0
ROCK,ROCK,91.33333333333333
ROCK,ROCK,91.33333333333333
ROCK,ROCK,87.33333333333333
ROCK,ROCK,88.66666666666667
ROCK,ROCK,88.66666666666667
ROCK,ROCK,90.0
ROCK,ROCK,88.66666666666667
ROCK,ROCK,88.66666666666667
ROCK,ROCK,90.0
ROCK,ROCK,91.33333333333333
ROCK,ROCK,91.33333333333333
ROCK,ROCK,90.0
ROCK,ROCK,91.33333333333333
ROCK,ROCK,88.66666666666667
ROCK,ROCK,91.33333333333333
ROCK,ROCK,90.0
ROCK,ROCK,90.0
ROCK,ROCK,92.0
ROCK,ROCK,90.0
ROCK,ROCK,90.66666666666666
ROCK,ROCK,88.66666666666667
ROCK,ROCK,90.66666666666666
ROCK,ROCK,90.0
ROCK,ROCK,90.66666666666666
ROCK,ROCK,90.0
ROCK,ROCK,91.33333333333333
ROCK,ROCK,89.33333333333333
ROCK,ROCK,90.66666666666666
ROCK,ROCK,90.66666666666666
ROCK,ROCK,91.33333333333333
ROCK,ROCK,90.66666666666666
ROCK,ROCK,89.33333333333333
ROCK,ROCK,88.0
ROCK,ROCK,89.33333333333333
ROCK,ROCK,88.66666666666667
ROCK,ROCK,88.66666666666667
ROCK,ROCK,90.66666666666666
ROCK,ROCK,89.33333333333333
ROCK,ROCK,88.66666666666667
ROCK,ROCK,90.0
ROCK,ROCK,91.33333333333333
ROCK,ROCK,90.66666666666666
ROCK,ROCK,86.0
ROCK,ROCK,87.33333333333333
ROCK,ROCK,90.66666666666666
ROCK,ROCK,86.66666666666667
ROCK,ROCK,84.66666666666667
ROCK,ROCK,90.0
ROCK,ROCK,90.0
ROCK,ROCK,86.0
ROCK,ROCK,84.0
ROCK,ROCK,84.66666666666667
ROCK,ROCK,80.66666666666666
ROCK,ROCK,84.0
ROCK,ROCK,78.66666666666666
ROCK,ROCK,76.66666666666667
ROCK,ROCK,76.66666666666667
ROCK,ROCK,78.66666666666666
ROCK,ROCK,75.33333333333333
ROCK,ROCK,76.66666666666667
ROCK,ROCK,76.66666666666667
ROCK,ROCK,78.66666666666666
ROCK,ROCK,76.66666666666667
ROCK,ROCK,75.33333333333333
ROCK,ROCK,76.0
ROCK,ROCK,76.0
ROCK,ROCK,79.33333333333333
ROCK,ROCK,82.0
ROCK,ROCK,80.0
ROCK,ROCK,80.0
ROCK,ROCK,78.66666666666666
ROCK,ROCK,80.0
ROCK,ROCK,78.0
ROCK,ROCK,80.66666666666666
ROCK,ROCK,82.0
ROCK,ROCK,82.0
ROCK,ROCK,80.0
ROCK,ROCK,82.66666666666667
ROCK,ROCK,78.66666666666666
ROCK,ROCK,80.0
ROCK,ROCK,80.0
ROCK,ROCK,76.66666666666667
ROCK,ROCK,76.66666666666667
ROCK,ROCK,77.33333333333333
ROCK,ROCK,78.0
ROCK,ROCK,78.0
ROCK,ROCK,77.33333333333333
ROCK,ROCK,75.33333333333333
ROCK,ROCK,75.33333333333333
ROCK,ROCK,78.0
ROCK,ROCK,84.66666666666667
ROCK,ROCK,78.66666666666666
ROCK,ROCK,82.66666666666667
ROCK,ROCK,78.0
ROCK,ROCK,88.0
ROCK,ROCK,91.33333333333333
ROCK,ROCK,84.0
ROCK,ROCK,74.0
ROCK,ROCK,73.33333333333333
ROCK,ROCK,71.33333333333334
ROCK,ROCK,67.33333333333333
ROCK,ROCK,63.33333333333333
ROCK,ROCK,58.666666666666664
ROCK,ROCK,60.0
ROCK,ROCK,51.33333333333333
ROCK,ROCK,54.666666666666664
ROCK,ROCK,55.333333333333336
ROCK,ROCK,60.0
ROCK,ROCK,60.66666666666667
ROCK,ROCK,64.0
ROCK,ROCK,66.0
ROCK,ROCK,70.66666666666667
ROCK,ROCK,74.66666666666667
ROCK,ROCK,78.66666666666666
ROCK,ROCK,85.33333333333334
ROCK,ROCK,84.0
ROCK,ROCK,80.66666666666666
ROCK,ROCK,86.66666666666667
ROCK,ROCK,86.66666666666667
ROCK,ROCK,86.0
ROCK,ROCK,83.33333333333334
ROCK,ROCK,86.0
ROCK,ROCK,71.33333333333334
ROCK,ROCK,72.66666666666667
ROCK,ROCK,70.0
ROCK,ROCK,72.0
ROCK,ROCK,74.0
ROCK,ROCK,72.66666666666667
ROCK,ROCK,72.0
ROCK,ROCK,71.33333333333334
ROCK,ROCK,68.66666666666667
ROCK,ROCK,76.0
ROCK,ROCK,74.0
ROCK,ROCK,76.0
ROCK,ROCK,73.33333333333333
ROCK,ROCK,67.33333333333333
ROCK,ROCK,68.66666666666667
ROCK,ROCK,71.33333333333334
ROCK,ROCK,70.0
ROCK,ROCK,66.66666666666666
ROCK,ROCK,72.0
ROCK,ROCK,70.66666666666667
ROCK,ROCK,88.66666666666667
ROCK,ROCK,85.33333333333334
ROCK,ROCK,87.33333333333333
ROCK,ROCK,88.0
ROCK,ROCK,84.66666666666667
ROCK,ROCK,86.0
ROCK,ROCK,87.33333333333333
ROCK,ROCK,86.66666666666667
ROCK,ROCK,75.33333333333333
ROCK,ROCK,71.33333333333334
ROCK,ROCK,70.0
ROCK,ROCK,83.33333333333334
ROCK,ROCK,81.33333333333333
ROCK,ROCK,87.33333333333333
ROCK,ROCK,72.66666666666667
ROCK,ROCK,72.0
ROCK,ROCK,66.66666666666666
ROCK,ROCK,76.0
ROCK,ROCK,76.66666666666667
ROCK,ROCK,76.66666666666667
ROCK,ROCK,72.0
ROCK,ROCK,72.66666666666667
ROCK,ROCK,66.66666666666666
ROCK,ROCK,71.33333333333334
ROCK,ROCK,65.33333333333333
ROCK,ROCK,89.33333333333333
ROCK,ROCK,79.33333333333333
ROCK,ROCK,83.33333333333334
ROCK,ROCK,82.66666666666667
ROCK,ROCK,76.0
ROCK,ROCK,68.66666666666667
ROCK,ROCK,71.33333333333334
ROCK,ROCK,69.33333333333334
ROCK,ROCK,72.0
ROCK,ROCK,72.66666666666667
ROCK,ROCK,68.66666666666667
ROCK,ROCK,66.66666666666666
ROCK,ROCK,69.33333333333334
ROCK,ROCK,70.66666666666667
ROCK,ROCK,77.33333333333333
ROCK,ROCK,65.33333333333333
ROCK,ROCK,64.66666666666666
ROCK,ROCK,64.0
ROCK,ROCK,66.66666666666666
ROCK,ROCK,73.33333333333333
ROCK,ROCK,66.0
ROCK,ROCK,61.33333333333333
ROCK,ROCK,72.66666666666667
ROCK,ROCK,92.66666666666666
ROCK,ROCK,93.33333333333333
ROCK,ROCK,90.66666666666666
ROCK,ROCK,91.33333333333333
ROCK,ROCK,91.33333333333333
ROCK,ROCK,90.66666666666666
ROCK,ROCK,92.0
ROCK,ROCK,92.66666666666666
ROCK,ROCK,94.0
ROCK,ROCK,96.66666666666667
ROCK,ROCK,94.0
ROCK,ROCK,95.33333333333334
ROCK,ROCK,90.0
ROCK,ROCK,84.0
ROCK,ROCK,84.66666666666667
ROCK,ROCK,82.66666666666667
ROCK,ROCK,77.33333333333333
ROCK,ROCK,73.33333333333333
ROCK,ROCK,86.66666666666667
ROCK,ROCK,82.66666666666667
ROCK,ROCK,89.33333333333333
ROCK,ROCK,90.66666666666666
ROCK,ROCK,86.0
ROCK,ROCK,89.33333333333333
ROCK,ROCK,90.66666666666666
ROCK,ROCK,80.0
ROCK,ROCK,73.33333333333333
ROCK,ROCK,78.66666666666666
ROCK,ROCK,82.0
ROCK,ROCK,92.66666666666666
ROCK,ROCK,92.0
ROCK,ROCK,93.33333333333333
ROCK,ROCK,88.66666666666667
ROCK,ROCK,91.33333333333333
ROCK,ROCK,90.0
ROCK,ROCK,77.33333333333333
ROCK,ROCK,92.66666666666666
ROCK,ROCK,86.66666666666667
ROCK,ROCK,91.33333333333333
ROCK,ROCK,90.0
ROCK,ROCK,85.33333333333334
ROCK,ROCK,86.0
ROCK,ROCK,83.33333333333334
ROCK,ROCK,79.33333333333333
ROCK,ROCK,71.33333333333334
ROCK,ROCK,71.33333333333334
ROCK,ROCK,78.66666666666666
ROCK,ROCK,75.33333333333333
ROCK,ROCK,76.66666666666667
ROCK,ROCK,81.33333333333333
ROCK,ROCK,74.0
ROCK,ROCK,79.33333333333333
ROCK,ROCK,72.0
ROCK,ROCK,78.0
ROCK,ROCK,76.0
ROCK,ROCK,70.0
ROCK,ROCK,74.0
ROCK,ROCK,57.333333333333336
ROCK,ROCK,65.33333333333333
ROCK,ROCK,63.33333333333333
ROCK,ROCK,62.66666666666667
ROCK,ROCK,64.0
ROCK,ROCK,64.66666666666666
ROCK,ROCK,63.33333333333333
ROCK,ROCK,61.33333333333333
ROCK,ROCK,74.66666666666667
ROCK,ROCK,73.33333333333333
ROCK,ROCK,66.66666666666666
ROCK,ROCK,64.0
ROCK,ROCK,48.66666666666667
ROCK,ROCK,44.666666666666664
ROCK,ROCK,41.333333333333336
ROCK,ROCK,41.333333333333336
ROCK,ROCK,51.33333333333333
ROCK,ROCK,71.33333333333334
ROCK,ROCK,66.0
ROCK,ROCK,68.0
ROCK,ROCK,64.0
ROCK,ROCK,77.33333333333333
ROCK,ROCK,69.33333333333334
ROCK,ROCK,72.0
ROCK,ROCK,75.33333333333333
ROCK,ROCK,73.33333333333333
ROCK,ROCK,74.0
ROCK,ROCK,74.66666666666667
ROCK,ROCK,80.0
ROCK,ROCK,78.0
ROCK,ROCK,79.33333333333333
ROCK,ROCK,65.33333333333333
ROCK,ROCK,76.0
ROCK,ROCK,77.33333333333333
ROCK,ROCK,78.66666666666666
ROCK,ROCK,73.33333333333333
ROCK,ROCK,62.66666666666667
ROCK,ROCK,68.0
ROCK,ROCK,66.0
ROCK,ROCK,66.0
ROCK,ROCK,67.33333333333333
ROCK,ROCK,64.0
ROCK,ROCK,68.66666666666667
ROCK,ROCK,78.0
ROCK,ROCK,76.66666666666667
ROCK,ROCK,80.0
ROCK,ROCK,76.66666666666667
ROCK,ROCK,80.66666666666666
ROCK,ROCK,80.66666666666666
ROCK,ROCK,72.0
ROCK,ROCK,79.33333333333333
ROCK,ROCK,54.0
ROCK,ROCK,53.333333333333336
ROCK,ROCK,52.666666666666664
ROCK,ROCK,50.66666666666667
ROCK,ROCK,52.0
ROCK,ROCK,52.0
ROCK,ROCK,52.0
ROCK,ROCK,50.66666666666667
ROCK,ROCK,50.66666666666667
ROCK,ROCK,57.99999999999999
ROCK,ROCK,66.66666666666666
ROCK,ROCK,70.0
ROCK,ROCK,67.33333333333333
ROCK,ROCK,68.66666666666667
ROCK,ROCK,76.66666666666667
ROCK,ROCK,75.33333333333333
ROCK,ROCK,76.66666666666667
ROCK,ROCK,85.33333333333334
ROCK,ROCK,76.66666666666667
ROCK,ROCK,74.0
ROCK,ROCK,74.66666666666667
ROCK,ROCK,70.66666666666667
ROCK,ROCK,66.66666666666666
ROCK,ROCK,55.333333333333336
ROCK,ROCK,50.66666666666667
ROCK,ROCK,51.33333333333333
ROCK,ROCK,52.666666666666664
ROCK,ROCK,53.333333333333336
ROCK,ROCK,46.0
ROCK,ROCK,46.0
ROCK,ROCK,42.66666666666667
ROCK,ROCK,43.333333333333336
ROCK,ROCK,40.666666666666664
ROCK,ROCK,39.33333333333333
ROCK,ROCK,42.0
ROCK,ROCK,33.33333333333333
ROCK,ROCK,28.000000000000004
ROCK,ROCK,26.666666666666668
ROCK,ROCK,26.0
ROCK,ROCK,29.333333333333332
ROCK,ROCK,31.333333333333336
ROCK,ROCK,32.666666666666664
ROCK,ROCK,26.666666666666668
ROCK,OPEN PALM,28.000000000000004
ROCK,ROCK,28.666666666666668
ROCK,ROCK,30.0
ROCK,ROCK,23.333333333333332
ROCK,PINKY,24.666666666666668
ROCK,PINKY,29.333333333333332
ROCK,ROCK,36.0
ROCK,ROCK,38.0
ROCK,ROCK,38.0
ROCK,ROCK,42.66666666666667
ROCK,ROCK,46.0
ROCK,ROCK,48.0
ROCK,ROCK,33.33333333333333
ROCK,ROCK,28.000000000000004
ROCK,ROCK,24.0
ROCK,OPEN PALM,24.666666666666668
ROCK,OPEN PALM,24.666666666666668
ROCK,OPEN PALM,30.0
ROCK,ROCK,31.333333333333336
ROCK,ROCK,35.333333333333336
ROCK,ROCK,40.666666666666664
ROCK,ROCK,44.0
ROCK,ROCK,44.666666666666664
ROCK,ROCK,46.666666666666664
ROCK,ROCK,44.666666666666664
ROCK,ROCK,45.33333333333333
ROCK,ROCK,45.33333333333333
ROCK,ROCK,48.66666666666667
ROCK,ROCK,51.33333333333333
ROCK,ROCK,50.66666666666667
ROCK,ROCK,48.66666666666667
ROCK,ROCK,51.33333333333333
ROCK,ROCK,46.666666666666664
ROCK,ROCK,44.666666666666664
ROCK,ROCK,46.666666666666664
ROCK,ROCK,46.0
ROCK,ROCK,45.33333333333333
ROCK,ROCK,48.0
ROCK,ROCK,47.333333333333336
ROCK,ROCK,44.666666666666664
ROCK,ROCK,40.0
ROCK,ROCK,40.0
ROCK,ROCK,42.0
ROCK,ROCK,43.333333333333336
ROCK,ROCK,42.66666666666667
ROCK,ROCK,45.33333333333333
ROCK,ROCK,43.333333333333336
ROCK,ROCK,42.66666666666667
ROCK,ROCK,48.0
ROCK,ROCK,86.0
ROCK,ROCK,89.33333333333333
ROCK,ROCK,87.33333333333333
ROCK,ROCK,86.66666666666667
ROCK,ROCK,86.0
ROCK,ROCK,89.33333333333333
ROCK,ROCK,86.66666666666667
ROCK,ROCK,84.66666666666667
ROCK,ROCK,86.0
ROCK,ROCK,84.0
ROCK,ROCK,88.0
ROCK,ROCK,88.0
ROCK,ROCK,87.33333333333333
ROCK,ROCK,88.66666666666667
ROCK,ROCK,86.0
ROCK,ROCK,86.0
ROCK,ROCK,80.66666666666666
ROCK,ROCK,82.0
ROCK,ROCK,84.0
ROCK,ROCK,82.0
ROCK,ROCK,82.0
ROCK,ROCK,78.0
ROCK,ROCK,81.33333333333333
ROCK,ROCK,81.33333333333333
ROCK,ROCK,72.66666666666667
ROCK,ROCK,72.0
ROCK,ROCK,63.33333333333333
ROCK,ROCK,67.33333333333333
ROCK,ROCK,60.0
ROCK,ROCK,57.99999999999999
ROCK,ROCK,53.333333333333336
ROCK,ROCK,60.0
ROCK,ROCK,54.0
ROCK,ROCK,46.666666666666664
ROCK,ROCK,49.333333333333336
ROCK,ROCK,51.33333333333333
ROCK,ROCK,46.0
ROCK,ROCK,43.333333333333336
ROCK,ROCK,48.0
ROCK,ROCK,41.333333333333336
ROCK,ROCK,48.66666666666667
ROCK,ROCK,46.0
ROCK,ROCK,42.66666666666667
ROCK,ROCK,43.333333333333336
ROCK,ROCK,48.0
ROCK,ROCK,46.666666666666664
ROCK,ROCK,41.333333333333336
ROCK,ROCK,38.666666666666664
ROCK,ROCK,42.0
ROCK,ROCK,42.0
ROCK,ROCK,42.0
ROCK,ROCK,42.0
ROCK,ROCK,35.333333333333336
ROCK,ROCK,36.666666666666664
ROCK,ROCK,38.666666666666664
ROCK,ROCK,38.0
ROCK,ROCK,47.333333333333336
ROCK,ROCK,37.333333333333336
ROCK,ROCK,41.333333333333336
ROCK,ROCK,42.66666666666667
ROCK,ROCK,39.33333333333333
ROCK,ROCK,47.333333333333336
ROCK,ROCK,46.0
ROCK,ROCK,39.33333333333333
ROCK,ROCK,39.33333333333333
ROCK,ROCK,42.66666666666667
ROCK,ROCK,38.0
ROCK,ROCK,50.0
ROCK,ROCK,48.66666666666667
ROCK,ROCK,49.333333333333336
ROCK,ROCK,51.33333333333333
ROCK,ROCK,53.333333333333336
ROCK,ROCK,53.333333333333336
ROCK,ROCK,60.0
ROCK,ROCK,59.333333333333336
ROCK,ROCK,62.66666666666667
ROCK,ROCK,57.99999999999999
ROCK,ROCK,64.0
ROCK,ROCK,60.0
ROCK,ROCK,64.0
ROCK,ROCK,63.33333333333333
ROCK,ROCK,59.333333333333336
ROCK,ROCK,60.66666666666667
ROCK,ROCK,62.0
ROCK,ROCK,62.0
ROCK,ROCK,64.66666666666666
ROCK,ROCK,70.66666666666667
ROCK,ROCK,62.66666666666667
ROCK,ROCK,67.33333333333333
ROCK,ROCK,69.33333333333334
ROCK,ROCK,56.666666666666664
ROCK,ROCK,73.33333333333333
ROCK,ROCK,74.66666666666667
ROCK,ROCK,81.33333333333333
ROCK,ROCK,88.66666666666667
ROCK,ROCK,86.66666666666667
ROCK,ROCK,90.66666666666666
ROCK,ROCK,90.0
ROCK,ROCK,89.33333333333333
ROCK,ROCK,90.66666666666666
ROCK,ROCK,86.66666666666667
ROCK,ROCK,84.0
ROCK,ROCK,84.66666666666667
ROCK,ROCK,90.66666666666666
ROCK,ROCK,94.66666666666667
ROCK,ROCK,94.0
ROCK,ROCK,84.66666666666667
ROCK,ROCK,88.66666666666667
ROCK,ROCK,78.66666666666666
ROCK,ROCK,74.66666666666667
ROCK,ROCK,71.33333333333334
ROCK,ROCK,68.66666666666667
ROCK,ROCK,70.0
ROCK,ROCK,72.66666666666667
ROCK,ROCK,74.66666666666667
ROCK,ROCK,77.33333333333333
ROCK,ROCK,85.33333333333334
ROCK,ROCK,86.66666666666667
ROCK,ROCK,92.0
ROCK,ROCK,86.66666666666667
ROCK,ROCK,84.66666666666667
ROCK,ROCK,84.0
ROCK,ROCK,82.66666666666667
ROCK,ROCK,80.66666666666666
ROCK,ROCK,78.0
ROCK,ROCK,78.66666666666666
ROCK,ROCK,78.0
ROCK,ROCK,78.66666666666666
ROCK,ROCK,82.66666666666667
ROCK,ROCK,84.0
ROCK,ROCK,83.33333333333334
ROCK,ROCK,86.0
ROCK,ROCK,80.66666666666666
ROCK,ROCK,84.0
ROCK,ROCK,87.33333333333333
ROCK,ROCK,76.66666666666667
ROCK,ROCK,71.33333333333334
ROCK,ROCK,81.33333333333333
ROCK,ROCK,76.66666666666667
ROCK,ROCK,82.0
ROCK,ROCK,72.66666666666667
ROCK,ROCK,66.0
ROCK,ROCK,71.33333333333334
ROCK,ROCK,61.33333333333333
ROCK,ROCK,64.66666666666666
ROCK,ROCK,84.0
ROCK,ROCK,86.66666666666667
ROCK,ROCK,80.66666666666666
ROCK,ROCK,85.33333333333334
ROCK,ROCK,81.33333333333333
ROCK,ROCK,57.333333333333336
ROCK,ROCK,57.333333333333336
ROCK,ROCK,56.00000000000001
ROCK,ROCK,54.666666666666664
ROCK,ROCK,54.0
ROCK,ROCK,52.0
ROCK,ROCK,56.00000000000001
ROCK,ROCK,59.333333333333336
ROCK,ROCK,56.666666666666664
ROCK,ROCK,64.0
ROCK,ROCK,78.66666666666666
ROCK,ROCK,85.33333333333334
ROCK,ROCK,82.0
ROCK,ROCK,86.0
ROCK,ROCK,86.0
ROCK,ROCK,68.66666666666667
ROCK,ROCK,50.66666666666667
ROCK,ROCK,52.666666666666664
ROCK,ROCK,52.0
ROCK,ROCK,54.666666666666664
ROCK,ROCK,43.333333333333336
ROCK,ROCK,52.0
ROCK,ROCK,54.666666666666664
ROCK,ROCK,62.66666666666667
ROCK,ROCK,68.0
ROCK,ROCK,61.33333333333333
ROCK,ROCK,74.66666666666667
ROCK,ROCK,80.0
ROCK,ROCK,73.33333333333333
ROCK,ROCK,65.33333333333333
ROCK,ROCK,67.33333333333333
ROCK,ROCK,59.333333333333336
ROCK,ROCK,57.99999999999999
ROCK,ROCK,54.666666666666664
ROCK,ROCK,55.333333333333336
ROCK,ROCK,57.333333333333336
ROCK,ROCK,58.666666666666664
ROCK,ROCK,73.33333333333333
ROCK,ROCK,68.66666666666667
ROCK,ROCK,80.0
ROCK,ROCK,81.33333333333333
ROCK,ROCK,74.66666666666667
ROCK,ROCK,76.0
ROCK,ROCK,82.0
ROCK,ROCK,77.33333333333333
ROCK,ROCK,77.33333333333333
ROCK,ROCK,68.0
ROCK,ROCK,72.0
ROCK,ROCK,82.66666666666667
ROCK,ROCK,86.66666666666667
ROCK,ROCK,89.33333333333333
ROCK,ROCK,80.0
ROCK,ROCK,79.33333333333333
ROCK,ROCK,81.33333333333333
ROCK,ROCK,57.99999999999999
ROCK,ROCK,64.0
ROCK,ROCK,60.0
ROCK,ROCK,63.33333333333333
ROCK,ROCK,61.33333333333333
ROCK,ROCK,67.33333333333333
ROCK,ROCK,68.0
ROCK,ROCK,64.66666666666666
ROCK,ROCK,65.33333333333333
ROCK,ROCK,62.0
ROCK,ROCK,68.66666666666667
ROCK,ROCK,68.66666666666667
ROCK,ROCK,62.66666666666667
ROCK,ROCK,70.66666666666667
ROCK,ROCK,72.66666666666667
ROCK,ROCK,67.33333333333333
ROCK,ROCK,80.66666666666666
ROCK,ROCK,78.0
ROCK,ROCK,70.66666666666667
ROCK,ROCK,62.66666666666667
ROCK,ROCK,61.33333333333333
ROCK,ROCK,60.0
ROCK,ROCK,55.333333333333336
ROCK,ROCK,53.333333333333336
ROCK,ROCK,54.666666666666664
ROCK,ROCK,54.0
ROCK,ROCK,51.33333333333333
ROCK,ROCK,52.0
ROCK,ROCK,48.0
ROCK,ROCK,48.66666666666667
ROCK,ROCK,50.0
ROCK,ROCK,50.66666666666667
ROCK,ROCK,50.0
ROCK,ROCK,47.333333333333336
ROCK,ROCK,62.0
ROCK,ROCK,64.0
ROCK,ROCK,66.66666666666666
ROCK,ROCK,64.66666666666666
ROCK,ROCK,65.33333333333333
ROCK,ROCK,66.66666666666666
ROCK,ROCK,68.0
ROCK,ROCK,69.33333333333334
ROCK,ROCK,70.66666666666667
ROCK,ROCK,71.33333333333334
ROCK,ROCK,74.0
ROCK,ROCK,64.0
ROCK,ROCK,71.33333333333334
ROCK,ROCK,73.33333333333333
ROCK,ROCK,89.33333333333333
ROCK,ROCK,84.66666666666667
ROCK,ROCK,82.66666666666667
ROCK,ROCK,86.0
ROCK,ROCK,86.0
ROCK,ROCK,86.0
ROCK,ROCK,86.0
ROCK,ROCK,72.66666666666667
ROCK,ROCK,75.33333333333333
ROCK,ROCK,76.0
ROCK,ROCK,72.66666666666667
ROCK,ROCK,74.0
ROCK,ROCK,81.33333333333333
ROCK,ROCK,74.0
ROCK,ROCK,73.33333333333333
ROCK,ROCK,69.33333333333334
ROCK,ROCK,77.33333333333333
ROCK,ROCK,69.33333333333334
ROCK,ROCK,65.33333333333333
ROCK,ROCK,80.66666666666666
ROCK,ROCK,68.66666666666667
ROCK,ROCK,82.0
ROCK,ROCK,74.66666666666667
ROCK,ROCK,77.33333333333333
ROCK,ROCK,80.66666666666666
ROCK,ROCK,68.66666666666667
ROCK,ROCK,70.66666666666667
ROCK,ROCK,73.33333333333333
ROCK,ROCK,76.0
ROCK,ROCK,81.33333333333333
ROCK,ROCK,82.0
ROCK,ROCK,85.33333333333334
ROCK,ROCK,90.66666666666666
ROCK,ROCK,88.0
ROCK,ROCK,80.0
ROCK,ROCK,80.66666666666666
ROCK,ROCK,79.33333333333333
ROCK,ROCK,74.0
ROCK,ROCK,80.0
ROCK,ROCK,76.0
ROCK,ROCK,76.66666666666667
ROCK,ROCK,70.66666666666667
ROCK,ROCK,68.0
ROCK,ROCK,72.66666666666667
ROCK,ROCK,74.66666666666667
ROCK,ROCK,62.0
ROCK,ROCK,80.0
ROCK,ROCK,84.66666666666667
ROCK,ROCK,77.33333333333333
ROCK,ROCK,77.33333333333333
ROCK,ROCK,76.66666666666667
ROCK,ROCK,77.33333333333333
ROCK,ROCK,80.66666666666666
ROCK,ROCK,78.66666666666666
ROCK,ROCK,83.33333333333334
ROCK,ROCK,80.0
ROCK,ROCK,78.0
ROCK,ROCK,90.66666666666666
ROCK,ROCK,92.0
ROCK,ROCK,90.0
ROCK,ROCK,88.66666666666667
ROCK,ROCK,85.33333333333334
ROCK,ROCK,82.0
ROCK,ROCK,84.66666666666667
ROCK,ROCK,81.33333333333333
ROCK,ROCK,82.0
ROCK,ROCK,82.0
ROCK,ROCK,78.66666666666666
ROCK,ROCK,75.33333333333333
ROCK,ROCK,70.66666666666667
ROCK,ROCK,80.0
ROCK,ROCK,81.33333333333333
ROCK,ROCK,84.0
ROCK,ROCK,80.66666666666666
ROCK,ROCK,84.0
ROCK,ROCK,83.33333333333334
ROCK,ROCK,77.33333333333333
ROCK,ROCK,76.66666666666667
ROCK,ROCK,78.66666666666666
ROCK,ROCK,70.66666666666667
ROCK,ROCK,83.33333333333334
ROCK,ROCK,79.33333333333333
ROCK,ROCK,71.33333333333334
ROCK,ROCK,78.0
ROCK,ROCK,78.66666666666666
ROCK,ROCK,78.0
ROCK,ROCK,78.66666666666666
ROCK,ROCK,76.66666666666667
ROCK,ROCK,83.33333333333334
ROCK,ROCK,74.66666666666667
ROCK,ROCK,72.66666666666667
ROCK,ROCK,74.66666666666667
ROCK,ROCK,82.0
ROCK,ROCK,82.66666666666667
ROCK,ROCK,78.66666666666666
ROCK,ROCK,62.0
ROCK,ROCK,68.0
ROCK,ROCK,64.0
ROCK,ROCK,59.333333333333336
ROCK,ROCK,52.0
ROCK,ROCK,51.33333333333333
ROCK,ROCK,54.0
ROCK,ROCK,49.333333333333336
ROCK,ROCK,68.0
ROCK,ROCK,80.0
ROCK,ROCK,78.66666666666666
ROCK,ROCK,88.66666666666667
ROCK,ROCK,89.33333333333333
ROCK,ROCK,88.66666666666667
ROCK,ROCK,73.33333333333333
ROCK,ROCK,79.33333333333333
ROCK,ROCK,76.0
ROCK,ROCK,80.66666666666666
ROCK,ROCK,78.66666666666666
ROCK,ROCK,86.0
ROCK,ROCK,79.33333333333333
ROCK,ROCK,74.66666666666667
ROCK,ROCK,80.0
ROCK,ROCK,78.0
ROCK,ROCK,90.0
ROCK,ROCK,92.0
ROCK,ROCK,95.33333333333334
ROCK,ROCK,92.66666666666666
ROCK,ROCK,92.0
ROCK,ROCK,90.66666666666666
ROCK,ROCK,88.0
ROCK,ROCK,82.66666666666667
ROCK,ROCK,88.66666666666667
ROCK,ROCK,89.33333333333333
ROCK,ROCK,81.33333333333333
ROCK,ROCK,82.66666666666667
ROCK,ROCK,88.0
ROCK,ROCK,93.33333333333333
ROCK,ROCK,90.66666666666666
ROCK,ROCK,88.66666666666667
ROCK,ROCK,84.66666666666667
ROCK,ROCK,84.0
ROCK,ROCK,76.66666666666667
ROCK,ROCK,80.0
ROCK,ROCK,83.33333333333334
ROCK,ROCK,86.66666666666667
ROCK,ROCK,83.33333333333334
ROCK,ROCK,81.33333333333333
ROCK,ROCK,82.66666666666667
ROCK,ROCK,69.33333333333334
ROCK,ROCK,74.0
ROCK,ROCK,65.33333333333333
ROCK,PEACE,60.0
ROCK,ROCK,88.66666666666667
ROCK,ROCK,90.66666666666666
ROCK,ROCK,89.33333333333333
ROCK,ROCK,88.0
ROCK,ROCK,90.0
ROCK,ROCK,93.33333333333333
ROCK,ROCK,94.0
ROCK,ROCK,93.33333333333333
ROCK,ROCK,83.33333333333334
ROCK,ROCK,80.66666666666666
ROCK,ROCK,68.66666666666667
ROCK,ROCK,71.33333333333334
ROCK,ROCK,70.66666666666667
ROCK,ROCK,97.33333333333334
ROCK,ROCK,91.33333333333333
ROCK,ROCK,88.0
ROCK,ROCK,87.33333333333333
ROCK,ROCK,83.33333333333334
ROCK,ROCK,83.33333333333334
ROCK,ROCK,80.66666666666666
ROCK,ROCK,84.0
ROCK,ROCK,75.33333333333333
ROCK,ROCK,72.0
ROCK,ROCK,84.0
ROCK,ROCK,83.33333333333334
ROCK,ROCK,87.33333333333333
ROCK,ROCK,89.33333333333333
ROCK,ROCK,77.33333333333333
ROCK,ROCK,69.33333333333334
ROCK,ROCK,78.0
ROCK,ROCK,77.33333333333333
ROCK,ROCK,73.33333333333333
ROCK,ROCK,72.66666666666667
ROCK,ROCK,68.0
ROCK,ROCK,68.66666666666667
ROCK,ROCK,87.33333333333333
ROCK,ROCK,94.0
ROCK,ROCK,92.0
ROCK,ROCK,91.33333333333333
ROCK,ROCK,62.66666666666667
ROCK,ROCK,74.0
ROCK,ROCK,64.66666666666666
ROCK,ROCK,66.0
ROCK,ROCK,67.33333333333333
ROCK,ROCK,68.66666666666667
ROCK,ROCK,62.66666666666667
ROCK,ROCK,59.333333333333336
ROCK,ROCK,65.33333333333333
ROCK,ROCK,69.33333333333334
ROCK,ROCK,68.0
ROCK,ROCK,70.66666666666667
ROCK,ROCK,72.0
ROCK,ROCK,72.0
ROCK,ROCK,72.66666666666667
ROCK,ROCK,70.0
ROCK,ROCK,68.66666666666667
ROCK,ROCK,70.0
ROCK,ROCK,76.0
ROCK,ROCK,72.0
ROCK,ROCK,68.66666666666667
ROCK,ROCK,69.33333333333334
ROCK,ROCK,74.66666666666667
ROCK,ROCK,73.33333333333333
ROCK,ROCK,69.33333333333334
ROCK,ROCK,66.66666666666666
ROCK,ROCK,66.0
ROCK,ROCK,78.0
ROCK,ROCK,70.66666666666667
ROCK,ROCK,77.33333333333333
ROCK,ROCK,78.66666666666666
ROCK,ROCK,76.66666666666667
ROCK,ROCK,68.0
ROCK,ROCK,83.33333333333334
ROCK,ROCK,84.0
ROCK,ROCK,75.33333333333333
ROCK,ROCK,65.33333333333333
ROCK,ROCK,70.0
ROCK,ROCK,69.33333333333334
ROCK,ROCK,72.0
ROCK,ROCK,72.66666666666667
ROCK,ROCK,70.0
ROCK,ROCK,52.666666666666664
ROCK,ROCK,51.33333333333333
ROCK,ROCK,52.0
ROCK,ROCK,50.66666666666667
ROCK,ROCK,44.666666666666664
ROCK,ROCK,53.333333333333336
ROCK,ROCK,54.0
ROCK,ROCK,52.666666666666664
ROCK,ROCK,54.0
ROCK,ROCK,42.0
ROCK,ROCK,50.66666666666667
ROCK,ROCK,61.33333333333333
ROCK,ROCK,58.666666666666664
ROCK,ROCK,74.66666666666667
ROCK,ROCK,81.33333333333333
ROCK,ROCK,82.0
ROCK,ROCK,76.0
ROCK,ROCK,66.66666666666666
ROCK,ROCK,61.33333333333333
ROCK,ROCK,66.0
ROCK,ROCK,66.0
ROCK,ROCK,68.0
ROCK,ROCK,68.0
ROCK,ROCK,64.66666666666666
ROCK,ROCK,68.0
ROCK,ROCK,68.66666666666667
ROCK,ROCK,68.66666666666667
ROCK,ROCK,66.0
ROCK,ROCK,74.0
ROCK,ROCK,57.99999999999999
ROCK,ROCK,62.0
ROCK,ROCK,56.666666666666664
ROCK,ROCK,59.333333333333336
ROCK,ROCK,66.66666666666666
ROCK,ROCK,76.66666666666667
ROCK,ROCK,70.66666666666667
ROCK,ROCK,72.0
ROCK,ROCK,67.33333333333333
ROCK,ROCK,62.66666666666667
ROCK,ROCK,52.666666666666664
ROCK,ROCK,50.66666666666667
ROCK,ROCK,61.33333333333333
ROCK,ROCK,57.333333333333336
ROCK,ROCK,60.66666666666667
ROCK,ROCK,59.333333333333336
ROCK,ROCK,69.33333333333334
ROCK,ROCK,65.33333333333333
ROCK,ROCK,68.0
ROCK,ROCK,63.33333333333333
ROCK,ROCK,59.333333333333336
ROCK,ROCK,64.66666666666666
ROCK,ROCK,53.333333333333336
ROCK,ROCK,52.0
ROCK,ROCK,48.0
ROCK,ROCK,53.333333333333336
ROCK,ROCK,54.666666666666664
ROCK,ROCK,42.0
ROCK,ROCK,57.333333333333336
ROCK,ROCK,54.0
ROCK,ROCK,57.333333333333336
ROCK,ROCK,61.33333333333333
ROCK,ROCK,65.33333333333333
ROCK,ROCK,48.0
ROCK,ROCK,57.99999999999999
ROCK,ROCK,56.00000000000001
ROCK,ROCK,50.0
ROCK,ROCK,53.333333333333336
ROCK,ROCK,54.0
ROCK,ROCK,60.0
ROCK,ROCK,55.333333333333336
ROCK,ROCK,56.00000000000001
ROCK,ROCK,56.666666666666664
ROCK,ROCK,64.66666666666666
ROCK,ROCK,76.66666666666667
ROCK,ROCK,80.66666666666666
ROCK,ROCK,85.33333333333334
ROCK,ROCK,84.66666666666667
ROCK,ROCK,86.0
ROCK,ROCK,85.33333333333334
ROCK,ROCK,80.0
ROCK,ROCK,72.66666666666667
ROCK,ROCK,74.66666666666667
ROCK,ROCK,75.33333333333333
ROCK,ROCK,76.66666666666667
ROCK,ROCK,73.33333333333333
ROCK,ROCK,73.33333333333333
ROCK,ROCK,84.66666666666667
ROCK,ROCK,84.0
ROCK,ROCK,84.66666666666667
ROCK,ROCK,82.0
ROCK,ROCK,81.33333333333333
ROCK,ROCK,73.33333333333333
ROCK,ROCK,72.0
ROCK,ROCK,78.0
ROCK,ROCK,84.0
ROCK,ROCK,82.0
ROCK,ROCK,82.66666666666667
ROCK,ROCK,76.66666666666667
ROCK,ROCK,77.33333333333333
ROCK,ROCK,82.0
ROCK,ROCK,78.0
ROCK,ROCK,80.66666666666666
ROCK,ROCK,82.0
ROCK,ROCK,78.66666666666666
ROCK,ROCK,76.0
ROCK,ROCK,75.33333333333333
ROCK,ROCK,78.0
ROCK,ROCK,76.66666666666667
ROCK,ROCK,76.66666666666667
ROCK,ROCK,72.66666666666667
ROCK,ROCK,78.0
ROCK,ROCK,76.66666666666667
ROCK,ROCK,74.66666666666667
ROCK,ROCK,74.66666666666667
ROCK,ROCK,75.33333333333333
ROCK,ROCK,79.33333333333333
ROCK,ROCK,82.66666666666667
ROCK,ROCK,83.33333333333334
ROCK,ROCK,81.33333333333333
PINKY,PINKY,98.0
PINKY,PINKY,97.33333333333334
PINKY,PINKY,96.66666666666667
PINKY,PINKY,96.66666666666667
PINKY,PINKY,96.66666666666667
PINKY,PINKY,96.66666666666667
PINKY,PINKY,94.66666666666667
PINKY,PINKY,98.66666666666667
PINKY,PINKY,96.66666666666667
PINKY,PINKY,97.33333333333334
PINKY,PINKY,99.33333333333333
PINKY,PINKY,99.33333333333333
PINKY,PINKY,98.66666666666667
PINKY,PINKY,98.66666666666667
PINKY,PINKY,96.66666666666667
PINKY,PINKY,98.66666666666667
PINKY,PINKY,98.0
PINKY,PINKY,98.66666666666667
PINKY,PINKY,96.66666666666667
PINKY,PINKY,97.33333333333334
PINKY,PINKY,96.66666666666667
PINKY,PINKY,96.66666666666667
PINKY,PINKY,96.0
PINKY,PINKY,98.0
PINKY,PINKY,98.66666666666667
PINKY,PINKY,96.0
PINKY,PINKY,98.0
PINKY,PINKY,98.66666666666667
PINKY,PINKY,98.0
PINKY,PINKY,98.0
PINKY,PINKY,98.0
PINKY,PINKY,98.0
PINKY,PINKY,98.0
PINKY,PINKY,96.0
PINKY,PINKY,99.33333333333333
PINKY,PINKY,99.33333333333333
PINKY,PINKY,96.66666666666667
PINKY,PINKY,95.33333333333334
PINKY,PINKY,98.0
PINKY,PINKY,96.66666666666667
PINKY,PINKY,96.66666666666667
PINKY,PINKY,99.33333333333333
PINKY,PINKY,98.66666666666667
PINKY,PINKY,98.66666666666667
PINKY,PINKY,98.0
PINKY,PINKY,98.66666666666667
PINKY,PINKY,97.33333333333334
PINKY,PINKY,98.66666666666667
PINKY,PINKY,96.66666666666667
PINKY,PINKY,96.66666666666667
PINKY,PINKY,96.66666666666667
PINKY,PINKY,98.0
PINKY,PINKY,97.33333333333334
PINKY,PINKY,96.0
PINKY,PINKY,98.0
PINKY,PINKY,97.33333333333334
PINKY,PINKY,95.33333333333334
PINKY,PINKY,96.0
PINKY,PINKY,96.66666666666667
PINKY,PINKY,96.0
PINKY,PINKY,94.66666666666667
PINKY,PINKY,96.0
PINKY,PINKY,96.0
PINKY,PINKY,96.66666666666667
PINKY,PINKY,96.0
PINKY,PINKY,96.0
PINKY,PINKY,96.0
PINKY,PINKY,96.0
PINKY,PINKY,96.0
PINKY,PINKY,96.66666666666667
PINKY,PINKY,96.66666666666667
PINKY,PINKY,96.66666666666667
PINKY,PINKY,97.33333333333334
PINKY,PINKY,96.0
PINKY,PINKY,97.33333333333334
PINKY,PINKY,96.0
PINKY,PINKY,97.33333333333334
PINKY,PINKY,96.66666666666667
PINKY,PINKY,97.33333333333334
PINKY,PINKY,97.33333333333334
PINKY,PINKY,96.66666666666667
PINKY,PINKY,96.66666666666667
PINKY,PINKY,95.33333333333334
PINKY,PINKY,96.66666666666667
PINKY,PINKY,96.0
PINKY,PINKY,96.66666666666667
PINKY,PINKY,95.33333333333334
PINKY,PINKY,95.33333333333334
PINKY,PINKY,95.33333333333334
PINKY,PINKY,95.33333333333334
PINKY,PINKY,96.0
PINKY,PINKY,95.33333333333334
PINKY,PINKY,96.66666666666667
PINKY,PINKY,96.66666666666667
PINKY,PINKY,96.66666666666667
PINKY,PINKY,97.33333333333334
PINKY,PINKY,98.0
PINKY,PINKY,99.33333333333333
PINKY,PINKY,96.66666666666667
PINKY,PINKY,97.33333333333334
PINKY,PINKY,99.33333333333333
PINKY,PINKY,98.66666666666667
PINKY,PINKY,98.0
PINKY,PINKY,97.33333333333334
PINKY,PINKY,98.0
PINKY,PINKY,98.66666666666667
PINKY,PINKY,98.0
PINKY,PINKY,98.0
PINKY,PINKY,96.66666666666667
PINKY,PINKY,97.33333333333334
PINKY,PINKY,96.66666666666667
PINKY,PINKY,94.66666666666667
PINKY,PINKY,92.0
PINKY,PINKY,89.33333333333333
PINKY,PINKY,90.66666666666666
PINKY,PINKY,90.66666666666666
PINKY,PINKY,87.33333333333333
PINKY,PINKY,90.0
PINKY,PINKY,92.0
PINKY,PINKY,86.66666666666667
PINKY,PINKY,91.33333333333333
PINKY,PINKY,90.66666666666666
PINKY,PINKY,92.0
PINKY,PINKY,92.66666666666666
PINKY,PINKY,98.0
PINKY,PINKY,98.0
PINKY,PINKY,98.0
PINKY,PINKY,96.66666666666667
PINKY,PINKY,99.33333333333333
PINKY,PINKY,96.0
PINKY,PINKY,94.0
PINKY,PINKY,92.0
PINKY,PINKY,92.66666666666666
PINKY,PINKY,91.33333333333333
PINKY,PINKY,92.66666666666666
PINKY,PINKY,93.33333333333333
PINKY,PINKY,87.33333333333333
PINKY,PINKY,91.33333333333333
PINKY,PINKY,94.0
PINKY,PINKY,90.0
PINKY,PINKY,92.0
PINKY,PINKY,80.66666666666666
PINKY,PINKY,85.33333333333334
PINKY,PINKY,84.0
PINKY,PINKY,86.66666666666667
PINKY,PINKY,89.33333333333333
PINKY,PINKY,84.66666666666667
PINKY,PINKY,94.0
PINKY,PINKY,98.0
PINKY,PINKY,98.0
PINKY,PINKY,96.66666666666667
PINKY,PINKY,98.0
PINKY,PINKY,98.66666666666667
PINKY,PINKY,98.66666666666667
PINKY,PINKY,99.33333333333333
PINKY,PINKY,98.66666666666667
PINKY,PINKY,98.66666666666667
PINKY,PINKY,97.33333333333334
PINKY,PINKY,99.33333333333333
PINKY,PINKY,95.33333333333334
PINKY,PINKY,97.33333333333334
PINKY,PINKY,91.33333333333333
PINKY,PINKY,93.33333333333333
PINKY,PINKY,89.33333333333333
PINKY,PINKY,89.33333333333333
PINKY,PINKY,88.0
PINKY,PINKY,92.0
PINKY,PINKY,92.0
PINKY,PINKY,93.33333333333333
PINKY,PINKY,94.0
PINKY,PINKY,98.66666666666667
PINKY,PINKY,96.0
PINKY,PINKY,95.33333333333334
PINKY,PINKY,99.33333333333333
PINKY,PINKY,99.33333333333333
PINKY,PINKY,98.66666666666667
PINKY,PINKY,95.33333333333334
PINKY,PINKY,98.0
PINKY,PINKY,93.33333333333333
PINKY,PINKY,97.33333333333334
PINKY,PINKY,91.33333333333333
PINKY,PINKY,90.66666666666666
PINKY,PINKY,99.33333333333333
PINKY,PINKY,94.0
PINKY,PINKY,96.0
PINKY,PINKY,93.33333333333333
PINKY,PINKY,93.33333333333333
PINKY,PINKY,94.0
PINKY,PINKY,86.0
PINKY,PINKY,92.0
PINKY,PINKY,90.66666666666666
PINKY,PINKY,94.66666666666667
PINKY,PINKY,93.33333333333333
PINKY,PINKY,94.0
PINKY,PINKY,90.66666666666666
PINKY,PINKY,95.33333333333334
PINKY,PINKY,92.66666666666666
PINKY,PINKY,97.33333333333334
PINKY,PINKY,96.66666666666667
PINKY,PINKY,97.33333333333334
PINKY,PINKY,64.66666666666666
PINKY,PINKY,63.33333333333333
PINKY,PINKY,57.333333333333336
PINKY,PINKY,63.33333333333333
PINKY,PINKY,64.0
PINKY,PINKY,64.0
PINKY,PINKY,67.33333333333333
PINKY,PINKY,82.66666666666667
PINKY,PINKY,84.0
PINKY,PINKY,88.0
PINKY,PINKY,86.0
PINKY,PINKY,78.0
PINKY,PINKY,66.0
PINKY,PINKY,75.33333333333333
PINKY,PINKY,76.0
PINKY,PINKY,84.0
PINKY,PINKY,84.0
PINKY,PINKY,94.0
PINKY,PINKY,95.33333333333334
PINKY,PINKY,96.0
PINKY,PINKY,96.0
PINKY,PINKY,96.0
PINKY,PINKY,98.0
PINKY,PINKY,95.33333333333334
PINKY,PINKY,96.0
PINKY,PINKY,96.0
PINKY,PINKY,96.66666666666667
PINKY,PINKY,92.66666666666666
PINKY,PINKY,96.0
PINKY,PINKY,96.66666666666667
PINKY,PINKY,99.33333333333333
PINKY,PINKY,98.0
PINKY,PINKY,98.0
PINKY,PINKY,98.0
PINKY,PINKY,98.0
PINKY,PINKY,98.0
PINKY,PINKY,96.0
PINKY,PINKY,98.0
PINKY,PINKY,99.33333333333333
PINKY,PINKY,96.66666666666667
PINKY,PINKY,100.0
PINKY,PINKY,100.0
PINKY,PINKY,100.0
PINKY,PINKY,98.66666666666667
PINKY,PINKY,99.33333333333333
PINKY,PINKY,95.33333333333334
PINKY,PINKY,95.33333333333334
PINKY,PINKY,96.0
PINKY,PINKY,96.66666666666667
PINKY,PINKY,100.0
PINKY,PINKY,100.0
PINKY,PINKY,100.0
PINKY,PINKY,99.33333333333333
PINKY,PINKY,98.0
PINKY,PINKY,99.33333333333333
PINKY,PINKY,98.66666666666667
PINKY,PINKY,98.66666666666667
PINKY,PINKY,98.0
PINKY,PINKY,98.0
PINKY,PINKY,70.0
PINKY,PINKY,60.66666666666667
PINKY,PINKY,96.0
PINKY,PINKY,88.0
PINKY,PINKY,38.0
PINKY,PINKY,88.0
PINKY,PINKY,84.0
PINKY,PINKY,99.33333333333333
PINKY,PINKY,90.66666666666666
PINKY,PINKY,96.0
PINKY,PINKY,90.0
PINKY,PINKY,91.33333333333333
PINKY,PINKY,92.0
PINKY,PINKY,88.0
PINKY,PINKY,86.0
PINKY,PINKY,81.33333333333333
PINKY,PINKY,89.33333333333333
PINKY,PINKY,90.66666666666666
PINKY,PINKY,92.0
PINKY,PINKY,91.33333333333333
PINKY,PINKY,90.66666666666666
PINKY,PINKY,92.0
PINKY,PINKY,97.33333333333334
PINKY,PINKY,96.0
PINKY,PINKY,95.33333333333334
PINKY,PINKY,94.66666666666667
PINKY,PINKY,93.33333333333333
PINKY,PINKY,94.0
PINKY,PINKY,90.0
PINKY,PINKY,93.33333333333333
PINKY,PINKY,95.33333333333334
PINKY,PINKY,98.0
PINKY,PINKY,96.0
PINKY,PINKY,99.33333333333333
PINKY,PINKY,98.66666666666667
PINKY,PINKY,98.66666666666667
PINKY,PINKY,96.66666666666667
PINKY,PINKY,95.33333333333334
PINKY,PINKY,92.0
PINKY,PINKY,93.33333333333333
PINKY,PINKY,91.33333333333333
PINKY,PINKY,84.66666666666667
PINKY,PINKY,90.66666666666666
PINKY,PINKY,85.33333333333334
PINKY,PINKY,86.0
PINKY,PINKY,80.0
PINKY,PINKY,90.0
PINKY,PINKY,80.66666666666666
PINKY,FIST,39.33333333333333
PINKY,FIST,36.0
PINKY,PINKY,66.0
PINKY,PINKY,71.33333333333334
PINKY,PINKY,69.33333333333334
PINKY,PINKY,78.0
PINKY,PINKY,84.0
PINKY,PINKY,74.66666666666667
PINKY,PINKY,80.66666666666666
PINKY,PINKY,44.666666666666664
PINKY,SPIDER,49.333333333333336
PINKY,SPIDER,53.333333333333336
PINKY,SPIDER,49.333333333333336
PINKY,PINKY,42.66666666666667
PINKY,SPIDER,47.333333333333336
PINKY,SPIDER,47.333333333333336
PINKY,PINKY,71.33333333333334
PINKY,PINKY,81.33333333333333
PINKY,PINKY,84.66666666666667
PINKY,PINKY,76.66666666666667
PINKY,PINKY,70.66666666666667
PINKY,PINKY,69.33333333333334
PINKY,PINKY,82.0
PINKY,PINKY,84.0
PINKY,PINKY,83.33333333333334
PINKY,PINKY,85.33333333333334
PINKY,PINKY,82.66666666666667
PINKY,PINKY,84.66666666666667
PINKY,PINKY,83.33333333333334
PINKY,PINKY,81.33333333333333
PINKY,PINKY,89.33333333333333
PINKY,PINKY,86.66666666666667
PINKY,PINKY,89.33333333333333
PINKY,PINKY,89.33333333333333
PINKY,PINKY,90.0
PINKY,PINKY,89.33333333333333
PINKY,PINKY,87.33333333333333
PINKY,PINKY,90.0
PINKY,PINKY,88.66666666666667
PINKY,PINKY,90.0
PINKY,PINKY,88.66666666666667
PINKY,PINKY,94.0
PINKY,PINKY,90.66666666666666
PINKY,PINKY,93.33333333333333
PINKY,PINKY,92.66666666666666
PINKY,PINKY,91.33333333333333
PINKY,PINKY,92.0
PINKY,PINKY,94.66666666666667
PINKY,PINKY,90.66666666666666
PINKY,PINKY,92.0
PINKY,PINKY,92.66666666666666
PINKY,PINKY,93.33333333333333
PINKY,PINKY,92.0
PINKY,PINKY,92.0
PINKY,PINKY,92.66666666666666
PINKY,PINKY,92.0
PINKY,PINKY,90.0
PINKY,PINKY,84.0
PINKY,PINKY,87.33333333333333
PINKY,PINKY,88.66666666666667
PINKY,PINKY,86.66666666666667
PINKY,PINKY,84.66666666666667
PINKY,PINKY,90.0
PINKY,PINKY,87.33333333333333
PINKY,PINKY,90.66666666666666
PINKY,PINKY,88.66666666666667
PINKY,PINKY,91.33333333333333
PINKY,PINKY,90.0
PINKY,PINKY,88.66666666666667
PINKY,PINKY,87.33333333333333
PINKY,PINKY,91.33333333333333
PINKY,PINKY,91.33333333333333
PINKY,PINKY,88.66666666666667
PINKY,PINKY,89.33333333333333
PINKY,PINKY,88.66666666666667
PINKY,PINKY,90.66666666666666
PINKY,PINKY,90.66666666666666
PINKY,PINKY,68.0
PINKY,PINKY,69.33333333333334
PINKY,PINKY,85.33333333333334
PINKY,PINKY,86.0
PINKY,PINKY,89.33333333333333
PINKY,PINKY,90.0
PINKY,PINKY,90.0
PINKY,PINKY,92.66666666666666
PINKY,PINKY,94.66666666666667
PINKY,PINKY,96.0
PINKY,PINKY,95.33333333333334
PINKY,PINKY,92.66666666666666
PINKY,PINKY,90.0
PINKY,PINKY,80.66666666666666
PINKY,PINKY,78.66666666666666
PINKY,PINKY,65.33333333333333
PINKY,PINKY,46.666666666666664
PINKY,PINKY,50.0
PINKY,PINKY,44.666666666666664
PINKY,PINKY,54.666666666666664
PINKY,PINKY,50.0
PINKY,PINKY,54.666666666666664
PINKY,PINKY,79.33333333333333
PINKY,PINKY,85.33333333333334
PINKY,PINKY,83.33333333333334
PINKY,PINKY,80.66666666666666
PINKY,PINKY,74.66666666666667
PINKY,PINKY,84.0
PINKY,PINKY,81.33333333333333
PINKY,PINKY,78.66666666666666
PINKY,PINKY,80.66666666666666
PINKY,PINKY,82.66666666666667
PINKY,PINKY,83.33333333333334
PINKY,PINKY,84.0
PINKY,PINKY,84.66666666666667
PINKY,PINKY,87.33333333333333
PINKY,PINKY,88.66666666666667
PINKY,PINKY,82.66666666666667
PINKY,PINKY,84.0
PINKY,PINKY,86.66666666666667
PINKY,PINKY,84.66666666666667
PINKY,PINKY,84.66666666666667
PINKY,PINKY,84.0
PINKY,PINKY,86.0
PINKY,PINKY,82.0
PINKY,PINKY,86.0
PINKY,PINKY,82.0
PINKY,PINKY,78.0
PINKY,PINKY,81.33333333333333
PINKY,PINKY,85.33333333333334
PINKY,PINKY,78.66666666666666
PINKY,PINKY,87.33333333333333
PINKY,PINKY,84.66666666666667
PINKY,PINKY,85.33333333333334
PINKY,PINKY,87.33333333333333
PINKY,PINKY,86.66666666666667
PINKY,PINKY,90.0
PINKY,PINKY,82.66666666666667
PINKY,PINKY,87.33333333333333
PINKY,PINKY,96.66666666666667
PINKY,PINKY,96.66666666666667
PINKY,PINKY,94.66666666666667
PINKY,PINKY,78.66666666666666
PINKY,PINKY,88.0
PINKY,PINKY,88.66666666666667
PINKY,PINKY,85.33333333333334
PINKY,PINKY,84.0
PINKY,PINKY,87.33333333333333
PINKY,PINKY,88.0
PINKY,PINKY,90.66666666666666
PINKY,PINKY,87.33333333333333
PINKY,PINKY,86.66666666666667
PINKY,PINKY,88.66666666666667
PINKY,PINKY,90.0
PINKY,PINKY,88.0
PINKY,PINKY,94.66666666666667
PINKY,PINKY,94.66666666666667
PINKY,PINKY,92.66666666666666
PINKY,PINKY,92.66666666666666
PINKY,PINKY,89.33333333333333
PINKY,PINKY,84.0
PINKY,PINKY,83.33333333333334
PINKY,PINKY,84.0
PINKY,PINKY,86.0
PINKY,PINKY,88.66666666666667
PINKY,PINKY,87.33333333333333
PINKY,PINKY,86.0
PINKY,PINKY,86.66666666666667
PINKY,PINKY,87.33333333333333
PINKY,PINKY,86.0
PINKY,PINKY,77.33333333333333
PINKY,PINKY,81.33333333333333
PINKY,PINKY,83.33333333333334
PINKY,PINKY,86.0
PINKY,PINKY,88.66666666666667
PINKY,PINKY,93.33333333333333
PINKY,PINKY,89.33333333333333
PINKY,PINKY,92.0
PINKY,PINKY,90.0
PINKY,PINKY,94.0
PINKY,PINKY,94.0
PINKY,PINKY,95.33333333333334
PINKY,PINKY,86.66666666666667
PINKY,PINKY,90.0
PINKY,PINKY,93.33333333333333
PINKY,PINKY,93.33333333333333
PINKY,PINKY,89.33333333333333
PINKY,PINKY,61.33333333333333
PINKY,PINKY,74.66666666666667
PINKY,PINKY,64.66666666666666
PINKY,PINKY,82.66666666666667
PINKY,PINKY,70.0
PINKY,PINKY,86.0
PINKY,PINKY,98.0
PINKY,PINKY,91.33333333333333
PINKY,PINKY,94.66666666666667
PINKY,PINKY,80.66666666666666
PINKY,PINKY,82.0
PINKY,PINKY,88.0
PINKY,PINKY,92.0
PINKY,PINKY,91.33333333333333
PINKY,PINKY,94.66666666666667
PINKY,PINKY,93.33333333333333
PINKY,PINKY,96.66666666666667
PINKY,PINKY,94.0
PINKY,PINKY,91.33333333333333
PINKY,PINKY,73.33333333333333
PINKY,PINKY,59.333333333333336
PINKY,PINKY,80.66666666666666
PINKY,PINKY,86.66666666666667
PINKY,PINKY,88.0
PINKY,PINKY,85.33333333333334
PINKY,PINKY,91.33333333333333
PINKY,PINKY,92.0
PINKY,PINKY,87.33333333333333
PINKY,PINKY,93.33333333333333
PINKY,PINKY,97.33333333333334
PINKY,PINKY,98.66666666666667
PINKY,PINKY,98.66666666666667
PINKY,PINKY,88.66666666666667
PINKY,PINKY,96.66666666666667
PINKY,PINKY,92.0
PINKY,PINKY,90.0
PINKY,PINKY,93.33333333333333
PINKY,PINKY,90.66666666666666
PINKY,PINKY,94.66666666666667
PINKY,PINKY,98.66666666666667
PINKY,PINKY,97.33333333333334
PINKY,PINKY,95.33333333333334
PINKY,PINKY,94.0
PINKY,PINKY,91.33333333333333
PINKY,PINKY,93.33333333333333
PINKY,PINKY,94.66666666666667
PINKY,PINKY,94.66666666666667
PINKY,PINKY,96.0
PINKY,PINKY,95.33333333333334
PINKY,PINKY,93.33333333333333
PINKY,PINKY,94.0
PINKY,PINKY,93.33333333333333
PINKY,PINKY,93.33333333333333
PINKY,PINKY,87.33333333333333
PINKY,PINKY,91.33333333333333
PINKY,PINKY,91.33333333333333
PINKY,PINKY,93.33333333333333
PINKY,PINKY,91.33333333333333
PINKY,PINKY,64.66666666666666
PINKY,PINKY,84.66666666666667
PINKY,PINKY,87.33333333333333
PINKY,PINKY,87.33333333333333
PINKY,PINKY,76.66666666666667
PINKY,PINKY,84.66666666666667
PINKY,PINKY,95.33333333333334
PINKY,PINKY,94.66666666666667
PINKY,PINKY,94.66666666666667
PINKY,PINKY,93.33333333333333
PINKY,PINKY,93.33333333333333
PINKY,PINKY,92.66666666666666
PINKY,PINKY,90.0
PINKY,PINKY,91.33333333333333
PINKY,PINKY,93.33333333333333
PINKY,PINKY,86.66666666666667
PINKY,PINKY,88.66666666666667
PINKY,PINKY,86.0
PINKY,PINKY,84.0
PINKY,PINKY,84.66666666666667
PINKY,PINKY,90.66666666666666
PINKY,PINKY,89.33333333333333
PINKY,PINKY,84.0
PINKY,PINKY,86.66666666666667
PINKY,PINKY,87.33333333333333
PINKY,PINKY,90.66666666666666
PINKY,PINKY,86.66666666666667
PINKY,PINKY,89.33333333333333
PINKY,PINKY,83.33333333333334
PINKY,PINKY,91.33333333333333
PINKY,PINKY,93.33333333333333
PINKY,PINKY,94.66666666666667
PINKY,PINKY,90.66666666666666
PINKY,PINKY,90.0
PINKY,PINKY,93.33333333333333
PINKY,PINKY,91.33333333333333
PINKY,PINKY,94.66666666666667
PINKY,PINKY,97.33333333333334
PINKY,PINKY,93.33333333333333
PINKY,PINKY,95.33333333333334
PINKY,PINKY,94.66666666666667
PINKY,PINKY,92.66666666666666
PINKY,PINKY,94.0
PINKY,PINKY,93.33333333333333
PINKY,PINKY,94.66666666666667
PINKY,PINKY,94.66666666666667
PINKY,PINKY,94.0
PINKY,PINKY,94.66666666666667
PINKY,PINKY,93.33333333333333
PINKY,PINKY,91.33333333333333
PINKY,PINKY,91.33333333333333
PINKY,PINKY,89.33333333333333
PINKY,PINKY,91.33333333333333
PINKY,PINKY,89.33333333333333
PINKY,PINKY,90.0
PINKY,PINKY,92.66666666666666
PINKY,PINKY,93.33333333333333
PINKY,PINKY,94.0
PINKY,PINKY,90.66666666666666
PINKY,PINKY,72.0
PINKY,PINKY,80.0
PINKY,PINKY,85.33333333333334
PINKY,PINKY,88.66666666666667
PINKY,PINKY,94.0
PINKY,PINKY,93.33333333333333
PINKY,PINKY,94.66666666666667
PINKY,PINKY,95.33333333333334
PINKY,PINKY,96.0
PINKY,PINKY,96.66666666666667
PINKY,PINKY,94.0
PINKY,PINKY,96.0
PINKY,PINKY,97.33333333333334
PINKY,PINKY,97.33333333333334
PINKY,PINKY,97.33333333333334
PINKY,PINKY,96.66666666666667
PINKY,PINKY,98.0
PINKY,PINKY,98.66666666666667
PINKY,PINKY,99.33333333333333
PINKY,PINKY,98.66666666666667
PINKY,PINKY,99.33333333333333
PINKY,PINKY,98.66666666666667
PINKY,PINKY,99.33333333333333
PINKY,PINKY,99.33333333333333
PINKY,PINKY,98.0
PINKY,PINKY,98.66666666666667
PINKY,PINKY,96.0
PINKY,PINKY,98.66666666666667
PINKY,PINKY,98.0
PINKY,PINKY,98.0
PINKY,PINKY,98.66666666666667
PINKY,PINKY,99.33333333333333
PINKY,PINKY,98.66666666666667
PINKY,PINKY,99.33333333333333
PINKY,PINKY,100.0
PINKY,PINKY,100.0
PINKY,PINKY,100.0
PINKY,PINKY,99.33333333333333
PINKY,PINKY,96.66666666666667
PINKY,PINKY,94.66666666666667
PINKY,PINKY,94.66666666666667
PINKY,PINKY,92.0
PINKY,PINKY,92.0
PINKY,PINKY,96.66666666666667
PINKY,PINKY,100.0
PINKY,PINKY,100.0
PINKY,PINKY,100.0
PINKY,PINKY,100.0
PINKY,PINKY,99.33333333333333
PINKY,PINKY,100.0
PINKY,PINKY,99.33333333333333
PINKY,PINKY,100.0
PINKY,PINKY,95.33333333333334
PINKY,PINKY,94.66666666666667
PINKY,PINKY,98.66666666666667
PINKY,PINKY,98.66666666666667
PINKY,PINKY,98.66666666666667
PINKY,PINKY,97.33333333333334
PINKY,PINKY,98.66666666666667
PINKY,PINKY,97.33333333333334
PINKY,PINKY,98.66666666666667
PINKY,PINKY,99.33333333333333
PINKY,PINKY,98.66666666666667
PINKY,PINKY,98.66666666666667
PINKY,PINKY,100.0
PINKY,PINKY,99.33333333333333
PINKY,PINKY,100.0
PINKY,PINKY,100.0
PINKY,PINKY,100.0
PINKY,PINKY,100.0
PINKY,PINKY,100.0
PINKY,PINKY,100.0
PINKY,PINKY,100.0
PINKY,PINKY,94.66666666666667
PINKY,PINKY,98.66666666666667
PINKY,PINKY,99.33333333333333
PINKY,PINKY,92.66666666666666
PINKY,PINKY,96.0
PINKY,PINKY,99.33333333333333
PINKY,PINKY,97.33333333333334
PINKY,PINKY,98.0
PINKY,PINKY,98.66666666666667
PINKY,PINKY,86.66666666666667
PINKY,PINKY,98.0
PINKY,PINKY,82.0
PINKY,PINKY,90.66666666666666
PINKY,PINKY,98.0
PINKY,PINKY,98.66666666666667
PINKY,PINKY,98.66666666666667
PINKY,PINKY,98.66666666666667
PINKY,PINKY,100.0
PINKY,PINKY,100.0
PINKY,PINKY,98.66666666666667
PINKY,PINKY,98.66666666666667
PINKY,PINKY,98.66666666666667
PINKY,PINKY,99.33333333333333
PINKY,PINKY,98.66666666666667
PINKY,PINKY,97.33333333333334
PINKY,PINKY,96.0
PINKY,PINKY,98.0
PINKY,PINKY,98.0
PINKY,PINKY,100.0
PINKY,PINKY,100.0
PINKY,PINKY,100.0
PINKY,PINKY,98.66666666666667
PINKY,PINKY,98.66666666666667
PINKY,PINKY,95.33333333333334
PINKY,PINKY,95.33333333333334
PINKY,PINKY,97.33333333333334
PINKY,PINKY,96.66666666666667
PINKY,PINKY,97.33333333333334
PINKY,PINKY,98.0
PINKY,PINKY,95.33333333333334
PINKY,PINKY,96.0
PINKY,PINKY,98.0
PINKY,PINKY,95.33333333333334
PINKY,PINKY,95.33333333333334
PINKY,PINKY,96.66666666666667
PINKY,PINKY,92.66666666666666
PINKY,PINKY,95.33333333333334
PINKY,PINKY,94.0
PINKY,PINKY,94.0
PINKY,PINKY,95.33333333333334
PINKY,PINKY,96.66666666666667
PINKY,PINKY,98.0
PINKY,PINKY,98.66666666666667
PINKY,PINKY,98.66666666666667
PINKY,PINKY,98.0
PINKY,PINKY,95.33333333333334
PINKY,PINKY,95.33333333333334
PINKY,PINKY,94.0
PINKY,PINKY,94.0
PINKY,PINKY,94.66666666666667
PINKY,PINKY,95.33333333333334
PINKY,PINKY,98.66666666666667
PINKY,PINKY,97.33333333333334
PINKY,PINKY,98.66666666666667
PINKY,PINKY,98.66666666666667
PINKY,PINKY,100.0
PINKY,PINKY,98.66666666666667
PINKY,PINKY,98.0
PINKY,PINKY,98.0
PINKY,PINKY,99.33333333333333
PINKY,PINKY,98.66666666666667
PINKY,PINKY,100.0
PINKY,PINKY,93.33333333333333
PINKY,PINKY,99.33333333333333
PINKY,PINKY,99.33333333333333
PINKY,PINKY,96.0
PINKY,PINKY,97.33333333333334
PINKY,PINKY,96.66666666666667
PINKY,PINKY,98.66666666666667
PINKY,PINKY,98.66666666666667
PINKY,PINKY,96.66666666666667
PINKY,PINKY,96.66666666666667
PINKY,PINKY,97.33333333333334
PINKY,PINKY,95.33333333333334
PINKY,PINKY,96.0
PINKY,PINKY,94.66666666666667
PINKY,PINKY,96.66666666666667
PINKY,PINKY,97.33333333333334
PINKY,PINKY,98.0
PINKY,PINKY,98.0
PINKY,PINKY,96.66666666666667
PINKY,PINKY,94.66666666666667
PINKY,PINKY,93.33333333333333
PINKY,PINKY,96.0
PINKY,PINKY,92.66666666666666
PINKY,PINKY,96.0
PINKY,PINKY,97.33333333333334
PINKY,PINKY,99.33333333333333
PINKY,PINKY,98.66666666666667
PINKY,PINKY,98.66666666666667
PINKY,PINKY,98.66666666666667
PINKY,PINKY,99.33333333333333
PINKY,PINKY,96.66666666666667
PINKY,PINKY,97.33333333333334
PINKY,PINKY,96.66666666666667
PINKY,PINKY,100.0
PINKY,PINKY,99.33333333333333
PINKY,PINKY,99.33333333333333
PINKY,PINKY,100.0
PINKY,PINKY,99.33333333333333
PINKY,PINKY,99.33333333333333
PINKY,PINKY,99.33333333333333
PINKY,PINKY,96.66666666666667
PINKY,PINKY,98.66666666666667
PINKY,PINKY,97.33333333333334
PINKY,PINKY,97.33333333333334
PINKY,PINKY,98.0
PINKY,PINKY,96.0
PINKY,PINKY,98.66666666666667
PINKY,PINKY,99.33333333333333
PINKY,PINKY,99.33333333333333
PINKY,PINKY,99.33333333333333
PINKY,PINKY,98.66666666666667
PINKY,PINKY,98.0
PINKY,PINKY,98.66666666666667
PINKY,PINKY,99.33333333333333
PINKY,PINKY,91.33333333333333
PINKY,PINKY,80.66666666666666
PINKY,PINKY,57.333333333333336
PINKY,PINKY,42.66666666666667
PINKY,PINKY,84.0
PINKY,PINKY,98.0
PINKY,PINKY,96.66666666666667
PINKY,PINKY,100.0
PINKY,PINKY,98.66666666666667
PINKY,PINKY,100.0
PINKY,PINKY,98.0
PINKY,PINKY,99.33333333333333
PINKY,PINKY,99.33333333333333
PINKY,PINKY,99.33333333333333
PINKY,PINKY,96.66666666666667
PINKY,PINKY,100.0
PINKY,PINKY,95.33333333333334
PINKY,PINKY,96.0
PINKY,PINKY,100.0
PINKY,PINKY,99.33333333333333
PINKY,PINKY,99.33333333333333
PINKY,PINKY,96.0
PINKY,PINKY,97.33333333333334
PINKY,PINKY,96.0
PINKY,PINKY,98.66666666666667
PINKY,PINKY,97.33333333333334
PINKY,PINKY,99.33333333333333
PINKY,PINKY,97.33333333333334
PINKY,PINKY,96.0
PINKY,PINKY,90.0
PINKY,PINKY,90.66666666666666
PINKY,PINKY,95.33333333333334
PINKY,PINKY,95.33333333333334
PINKY,PINKY,98.66666666666667
PINKY,PINKY,100.0
PINKY,PINKY,98.66666666666667
PINKY,PINKY,95.33333333333334
PINKY,PINKY,90.66666666666666
PINKY,PINKY,88.66666666666667
PINKY,PINKY,93.33333333333333
PINKY,PINKY,98.0
PINKY,PINKY,91.33333333333333
PINKY,PINKY,92.0
PINKY,PINKY,94.0
PINKY,PINKY,92.66666666666666
PINKY,PINKY,99.33333333333333
PINKY,PINKY,91.33333333333333
PINKY,PINKY,92.0
PINKY,PINKY,94.66666666666667
PINKY,PINKY,91.33333333333333
PINKY,PINKY,97.33333333333334
PINKY,PINKY,94.0
PINKY,PINKY,92.66666666666666
PINKY,PINKY,93.33333333333333
PINKY,PINKY,95.33333333333334
PINKY,PINKY,96.0
PINKY,PINKY,93.33333333333333
PINKY,PINKY,90.66666666666666
PINKY,PINKY,92.66666666666666
PINKY,PINKY,93.33333333333333
PINKY,PINKY,92.0
PINKY,PINKY,90.0
PINKY,PINKY,92.0
PINKY,PINKY,91.33333333333333
PINKY,PINKY,91.33333333333333
PINKY,PINKY,95.33333333333334
PINKY,PINKY,93.33333333333333
PINKY,PINKY,88.66666666666667
PINKY,PINKY,90.0
PINKY,PINKY,94.66666666666667
PINKY,PINKY,93.33333333333333
PINKY,PINKY,94.0
PINKY,PINKY,94.66666666666667
PINKY,PINKY,96.0
PINKY,PINKY,98.0
PINKY,PINKY,97.33333333333334
PINKY,PINKY,97.33333333333334
PINKY,PINKY,94.0
PINKY,PINKY,98.0
PINKY,PINKY,98.66666666666667
PINKY,PINKY,99.33333333333333
PINKY,PINKY,98.0
PINKY,PINKY,99.33333333333333
PINKY,PINKY,100.0
PINKY,PINKY,99.33333333333333
PINKY,PINKY,98.66666666666667
PINKY,PINKY,98.66666666666667
PINKY,PINKY,98.66666666666667
PINKY,PINKY,98.66666666666667
PINKY,PINKY,97.33333333333334
PINKY,PINKY,97.33333333333334
PINKY,PINKY,98.0
PINKY,PINKY,100.0
PINKY,PINKY,98.0
PINKY,PINKY,95.33333333333334
PINKY,PINKY,98.0
PINKY,PINKY,97.33333333333334
PINKY,PINKY,98.66666666666667
PINKY,PINKY,92.0
PINKY,PINKY,92.0
PINKY,PINKY,91.33333333333333
PINKY,PINKY,88.66666666666667
PINKY,PINKY,88.0
PINKY,PINKY,86.0
PINKY,PINKY,88.0
PINKY,PINKY,89.33333333333333
PINKY,PINKY,89.33333333333333
PINKY,PINKY,94.0
PINKY,PINKY,95.33333333333334
PINKY,PINKY,94.0
PINKY,PINKY,97.33333333333334
PINKY,PINKY,96.66666666666667
PINKY,PINKY,98.0
PINKY,PINKY,98.66666666666667
PINKY,PINKY,100.0
PINKY,PINKY,82.66666666666667
PINKY,PINKY,98.0
PINKY,PINKY,94.66666666666667
PINKY,PINKY,92.66666666666666
PINKY,PINKY,90.66666666666666
PINKY,PINKY,94.0
PINKY,PINKY,94.66666666666667
PINKY,PINKY,96.66666666666667
PINKY,PINKY,98.0
PINKY,PINKY,98.0
PINKY,PINKY,98.66666666666667
PINKY,PINKY,99.33333333333333
PINKY,PINKY,92.66666666666666
PINKY,PINKY,95.33333333333334
PINKY,PINKY,96.66666666666667
PINKY,PINKY,99.33333333333333
PINKY,PINKY,96.0
PINKY,PINKY,96.0
PINKY,PINKY,96.0
PINKY,PINKY,98.0
PINKY,PINKY,100.0
PINKY,PINKY,98.66666666666667
PINKY,PINKY,99.33333333333333
PINKY,PINKY,99.33333333333333
PINKY,PINKY,94.66666666666667
PINKY,PINKY,92.0
PINKY,PINKY,99.33333333333333
PINKY,PINKY,100.0
PINKY,PINKY,99.33333333333333
PINKY,PINKY,98.66666666666667
PINKY,PINKY,95.33333333333334
PINKY,PINKY,98.0
PINKY,ROCK,44.0
PINKY,PINKY,62.66666666666667
PINKY,PINKY,76.66666666666667
PINKY,PINKY,90.0
PINKY,PINKY,98.66666666666667
PINKY,PINKY,94.66666666666667
PINKY,PINKY,94.66666666666667
PINKY,PINKY,98.66666666666667
PINKY,PINKY,96.0
PINKY,PINKY,94.66666666666667
PINKY,PINKY,98.0
PINKY,PINKY,99.33333333333333
PINKY,PINKY,96.66666666666667
PINKY,PINKY,95.33333333333334
PINKY,PINKY,90.66666666666666
PINKY,PINKY,87.33333333333333
PINKY,PINKY,92.0
PINKY,PINKY,91.33333333333333
PINKY,PINKY,99.33333333333333
PINKY,PINKY,95.33333333333334
PINKY,PINKY,98.0
PINKY,PINKY,100.0
PINKY,PINKY,100.0
PINKY,PINKY,99.33333333333333
PINKY,PINKY,96.0
PINKY,PINKY,94.0
PINKY,PINKY,96.0
PINKY,PINKY,97.33333333333334
PINKY,PINKY,98.66666666666667
PINKY,PINKY,98.0
PINKY,PINKY,96.66666666666667
PINKY,PINKY,100.0
PINKY,PINKY,100.0
PINKY,PINKY,100.0
PINKY,PINKY,99.33333333333333
PINKY,PINKY,99.33333333333333
PINKY,PINKY,98.66666666666667
PINKY,PINKY,98.66666666666667
PINKY,PINKY,100.0
PINKY,PINKY,100.0
PINKY,PINKY,100.0
PINKY,PINKY,100.0
PINKY,PINKY,97.33333333333334
PINKY,PINKY,98.0
PINKY,PINKY,94.0
PINKY,PINKY,97.33333333333334
THUMBS UP,THUMBS UP,96.66666666666667
THUMBS UP,THUMBS UP,96.66666666666667
THUMBS UP,THUMBS UP,96.0
THUMBS UP,THUMBS UP,96.0
THUMBS UP,THUMBS UP,96.66666666666667
THUMBS UP,THUMBS UP,98.0
THUMBS UP,THUMBS UP,97.33333333333334
THUMBS UP,THUMBS UP,96.66666666666667
THUMBS UP,THUMBS UP,97.33333333333334
THUMBS UP,THUMBS UP,98.0
THUMBS UP,THUMBS UP,96.66666666666667
THUMBS UP,THUMBS UP,98.0
THUMBS UP,THUMBS UP,98.0
THUMBS UP,THUMBS UP,98.0
THUMBS UP,THUMBS UP,97.33333333333334
THUMBS UP,THUMBS UP,99.33333333333333
THUMBS UP,THUMBS UP,100.0
THUMBS UP,THUMBS UP,98.66666666666667
THUMBS UP,THUMBS UP,98.66666666666667
THUMBS UP,THUMBS UP,98.66666666666667
THUMBS UP,THUMBS UP,100.0
THUMBS UP,THUMBS UP,100.0
THUMBS UP,THUMBS UP,100.0
THUMBS UP,THUMBS UP,99.33333333333333
THUMBS UP,THUMBS UP,99.33333333333333
THUMBS UP,THUMBS UP,99.33333333333333
THUMBS UP,THUMBS UP,99.33333333333333
THUMBS UP,THUMBS UP,99.33333333333333
THUMBS UP,THUMBS UP,100.0
THUMBS UP,THUMBS UP,99.33333333333333
THUMBS UP,THUMBS UP,100.0
THUMBS UP,THUMBS UP,100.0
THUMBS UP,THUMBS UP,100.0
THUMBS UP,THUMBS UP,100.0
THUMBS UP,THUMBS UP,100.0
THUMBS UP,THUMBS UP,100.0
THUMBS UP,THUMBS UP,100.0
THUMBS UP,THUMBS UP,100.0
THUMBS UP,THUMBS UP,100.0
THUMBS UP,THUMBS UP,99.33333333333333
THUMBS UP,THUMBS UP,100.0
THUMBS UP,THUMBS UP,100.0
THUMBS UP,THUMBS UP,99.33333333333333
THUMBS UP,THUMBS UP,100.0
THUMBS UP,THUMBS UP,99.33333333333333
THUMBS UP,THUMBS UP,100.0
THUMBS UP,THUMBS UP,99.33333333333333
THUMBS UP,THUMBS UP,100.0
THUMBS UP,THUMBS UP,100.0
THUMBS UP,THUMBS UP,99.33333333333333
THUMBS UP,THUMBS UP,99.33333333333333
THUMBS UP,THUMBS UP,98.66666666666667
THUMBS UP,THUMBS UP,100.0
THUMBS UP,THUMBS UP,98.66666666666667
THUMBS UP,THUMBS UP,99.33333333333333
THUMBS UP,THUMBS UP,98.66666666666667
THUMBS UP,THUMBS UP,98.66666666666667
THUMBS UP,THUMBS UP,98.66666666666667
THUMBS UP,THUMBS UP,96.66666666666667
THUMBS UP,THUMBS UP,95.33333333333334
THUMBS UP,THUMBS UP,97.33333333333334
THUMBS UP,THUMBS UP,96.66666666666667
THUMBS UP,THUMBS UP,98.0
THUMBS UP,THUMBS UP,97.33333333333334
THUMBS UP,THUMBS UP,95.33333333333334
THUMBS UP,THUMBS UP,97.33333333333334
THUMBS UP,THUMBS UP,97.33333333333334
THUMBS UP,THUMBS UP,98.0
THUMBS UP,THUMBS UP,98.0
THUMBS UP,THUMBS UP,94.66666666666667
THUMBS UP,THUMBS UP,95.33333333333334
THUMBS UP,THUMBS UP,96.66666666666667
THUMBS UP,THUMBS UP,96.66666666666667
THUMBS UP,THUMBS UP,95.33333333333334
THUMBS UP,THUMBS UP,97.33333333333334
THUMBS UP,THUMBS UP,98.0
THUMBS UP,THUMBS UP,98.66666666666667
THUMBS UP,THUMBS UP,96.66666666666667
THUMBS UP,THUMBS UP,98.0
THUMBS UP,THUMBS UP,98.0
THUMBS UP,THUMBS UP,99.33333333333333
THUMBS UP,THUMBS UP,100.0
THUMBS UP,THUMBS UP,100.0
THUMBS UP,THUMBS UP,100.0
THUMBS UP,THUMBS UP,100.0
THUMBS UP,THUMBS UP,99.33333333333333
THUMBS UP,THUMBS UP,100.0
THUMBS UP,THUMBS UP,99.33333333333333
THUMBS UP,THUMBS UP,99.33333333333333
THUMBS UP,THUMBS UP,99.33333333333333
THUMBS UP,THUMBS UP,99.33333333333333
THUMBS UP,THUMBS UP,100.0
THUMBS UP,THUMBS UP,98.66666666666667
THUMBS UP,THUMBS UP,97.33333333333334
THUMBS UP,THUMBS UP,98.66666666666667
THUMBS UP,THUMBS UP,98.0
THUMBS UP,THUMBS UP,96.0
THUMBS UP,THUMBS UP,96.66666666666667
THUMBS UP,THUMBS UP,96.0
THUMBS UP,THUMBS UP,97.33333333333334
THUMBS UP,THUMBS UP,100.0
THUMBS UP,THUMBS UP,100.0
THUMBS UP,THUMBS UP,100.0
THUMBS UP,THUMBS UP,100.0
THUMBS UP,THUMBS UP,100.0
THUMBS UP,THUMBS UP,99.33333333333333
THUMBS UP,THUMBS UP,100.0
THUMBS UP,THUMBS UP,100.0
THUMBS UP,THUMBS UP,100.0
THUMBS UP,THUMBS UP,100.0
THUMBS UP,THUMBS UP,99.33333333333333
THUMBS UP,THUMBS UP,100.0
THUMBS UP,THUMBS UP,100.0
THUMBS UP,THUMBS UP,100.0
THUMBS UP,THUMBS UP,100.0
THUMBS UP,THUMBS UP,100.0
THUMBS UP,THUMBS UP,100.0
THUMBS UP,THUMBS UP,100.0
THUMBS UP,THUMBS UP,100.0
THUMBS UP,THUMBS UP,99.33333333333333
THUMBS UP,THUMBS UP,100.0
THUMBS UP,THUMBS UP,99.33333333333333
THUMBS UP,THUMBS UP,100.0
THUMBS UP,THUMBS UP,100.0
THUMBS UP,THUMBS UP,99.33333333333333
THUMBS UP,THUMBS UP,100.0
THUMBS UP,THUMBS UP,95.33333333333334
THUMBS UP,THUMBS UP,97.33333333333334
THUMBS UP,THUMBS UP,96.0
THUMBS UP,THUMBS UP,94.0
THUMBS UP,THUMBS UP,96.66666666666667
THUMBS UP,THUMBS UP,95.33333333333334
THUMBS UP,THUMBS UP,94.0
THUMBS UP,THUMBS UP,93.33333333333333
THUMBS UP,THUMBS UP,99.33333333333333
THUMBS UP,THUMBS UP,98.0
THUMBS UP,THUMBS UP,98.0
THUMBS UP,THUMBS UP,100.0
THUMBS UP,THUMBS UP,100.0
THUMBS UP,THUMBS UP,100.0
THUMBS UP,THUMBS UP,100.0
THUMBS UP,THUMBS UP,100.0
THUMBS UP,THUMBS UP,100.0
THUMBS UP,THUMBS UP,100.0
THUMBS UP,THUMBS UP,99.33333333333333
THUMBS UP,THUMBS UP,98.66666666666667
THUMBS UP,THUMBS UP,94.0
THUMBS UP,THUMBS UP,95.33333333333334
THUMBS UP,THUMBS UP,95.33333333333334
THUMBS UP,THUMBS UP,96.0
THUMBS UP,THUMBS UP,96.0
THUMBS UP,THUMBS UP,94.0
THUMBS UP,THUMBS UP,94.66666666666667
THUMBS UP,THUMBS UP,92.66666666666666
THUMBS UP,THUMBS UP,94.66666666666667
THUMBS UP,THUMBS UP,98.0
THUMBS UP,THUMBS UP,100.0
THUMBS UP,THUMBS UP,99.33333333333333
THUMBS UP,THUMBS UP,100.0
THUMBS UP,THUMBS UP,100.0
THUMBS UP,THUMBS UP,99.33333333333333
THUMBS UP,THUMBS UP,100.0
THUMBS UP,THUMBS UP,100.0
THUMBS UP,THUMBS UP,99.33333333333333
THUMBS UP,THUMBS UP,99.33333333333333
THUMBS UP,THUMBS UP,98.0
THUMBS UP,THUMBS UP,99.33333333333333
THUMBS UP,THUMBS UP,100.0
THUMBS UP,THUMBS UP,100.0
THUMBS UP,THUMBS UP,96.66666666666667
THUMBS UP,THUMBS UP,94.66666666666667
THUMBS UP,THUMBS UP,96.66666666666667
THUMBS UP,THUMBS UP,98.0
THUMBS UP,THUMBS UP,98.0
THUMBS UP,THUMBS UP,99.33333333333333
THUMBS UP,THUMBS UP,100.0
THUMBS UP,THUMBS UP,97.33333333333334
THUMBS UP,THUMBS UP,98.0
THUMBS UP,THUMBS UP,100.0
THUMBS UP,THUMBS UP,100.0
THUMBS UP,THUMBS UP,100.0
THUMBS UP,THUMBS UP,100.0
THUMBS UP,THUMBS UP,100.0
THUMBS UP,THUMBS UP,100.0
THUMBS UP,THUMBS UP,100.0
THUMBS UP,THUMBS UP,100.0
THUMBS UP,THUMBS UP,100.0
THUMBS UP,THUMBS UP,100.0
THUMBS UP,THUMBS UP,100.0
THUMBS UP,THUMBS UP,100.0
THUMBS UP,THUMBS UP,100.0
THUMBS UP,THUMBS UP,100.0
THUMBS UP,THUMBS UP,100.0
THUMBS UP,THUMBS UP,99.33333333333333
THUMBS UP,THUMBS UP,99.33333333333333
THUMBS UP,THUMBS UP,100.0
THUMBS UP,THUMBS UP,99.33333333333333
THUMBS UP,THUMBS UP,100.0
THUMBS UP,THUMBS UP,100.0
THUMBS UP,THUMBS UP,100.0
THUMBS UP,THUMBS UP,98.66666666666667
THUMBS UP,THUMBS UP,95.33333333333334
THUMBS UP,THUMBS UP,96.66666666666667
THUMBS UP,THUMBS UP,94.0
THUMBS UP,THUMBS UP,89.33333333333333
THUMBS UP,THUMBS UP,94.66666666666667
THUMBS UP,THUMBS UP,90.66666666666666
THUMBS UP,THUMBS UP,96.66666666666667
THUMBS UP,THUMBS UP,97.33333333333334
THUMBS UP,THUMBS UP,96.66666666666667
THUMBS UP,THUMBS UP,94.66666666666667
THUMBS UP,THUMBS UP,98.0
THUMBS UP,THUMBS UP,82.0
THUMBS UP,THUMBS UP,84.0
THUMBS UP,THUMBS UP,80.0
THUMBS UP,THUMBS UP,80.66666666666666
THUMBS UP,THUMBS UP,79.33333333333333
THUMBS UP,THUMBS UP,76.0
THUMBS UP,THUMBS UP,77.33333333333333
THUMBS UP,THUMBS UP,75.33333333333333
THUMBS UP,THUMBS UP,70.0
THUMBS UP,THUMBS UP,74.0
THUMBS UP,THUMBS UP,74.0
THUMBS UP,THUMBS UP,72.66666666666667
THUMBS UP,THUMBS UP,96.66666666666667
THUMBS UP,THUMBS UP,97.33333333333334
THUMBS UP,THUMBS UP,99.33333333333333
THUMBS UP,THUMBS UP,98.66666666666667
THUMBS UP,THUMBS UP,97.33333333333334
THUMBS UP,THUMBS UP,100.0
THUMBS UP,THUMBS UP,95.33333333333334
THUMBS UP,THUMBS UP,98.66666666666667
THUMBS UP,THUMBS UP,99.33333333333333
THUMBS UP,THUMBS UP,99.33333333333333
THUMBS UP,THUMBS UP,99.33333333333333
THUMBS UP,THUMBS UP,96.66666666666667
THUMBS UP,THUMBS UP,100.0
THUMBS UP,THUMBS UP,100.0
THUMBS UP,THUMBS UP,96.0
THUMBS UP,THUMBS UP,98.0
THUMBS UP,THUMBS UP,94.66666666666667
THUMBS UP,THUMBS UP,94.0
THUMBS UP,THUMBS UP,87.33333333333333
THUMBS UP,THUMBS UP,89.33333333333333
THUMBS UP,THUMBS UP,88.66666666666667
THUMBS UP,THUMBS UP,90.0
THUMBS UP,THUMBS UP,90.66666666666666
THUMBS UP,THUMBS UP,89.33333333333333
THUMBS UP,THUMBS UP,89.33333333333333
THUMBS UP,THUMBS UP,96.0
THUMBS UP,THUMBS UP,98.0
THUMBS UP,THUMBS UP,100.0
THUMBS UP,THUMBS UP,100.0
THUMBS UP,THUMBS UP,100.0
THUMBS UP,THUMBS UP,98.66666666666667
THUMBS UP,THUMBS UP,97.33333333333334
THUMBS UP,THUMBS UP,99.33333333333333
THUMBS UP,THUMBS UP,99.33333333333333
THUMBS UP,THUMBS UP,99.33333333333333
THUMBS UP,THUMBS UP,92.0
THUMBS UP,THUMBS UP,95.33333333333334
THUMBS UP,THUMBS UP,97.33333333333334
THUMBS UP,THUMBS UP,96.66666666666667
THUMBS UP,THUMBS UP,97.33333333333334
THUMBS UP,THUMBS UP,97.33333333333334
THUMBS UP,THUMBS UP,94.66666666666667
THUMBS UP,THUMBS UP,96.66666666666667
THUMBS UP,THUMBS UP,95.33333333333334
THUMBS UP,THUMBS UP,96.0
THUMBS UP,THUMBS UP,95.33333333333334
THUMBS UP,THUMBS UP,93.33333333333333
THUMBS UP,THUMBS UP,92.0
THUMBS UP,THUMBS UP,91.33333333333333
THUMBS UP,THUMBS UP,92.66666666666666
THUMBS UP,THUMBS UP,91.33333333333333
THUMBS UP,THUMBS UP,92.66666666666666
THUMBS UP,THUMBS UP,92.0
THUMBS UP,THUMBS UP,96.0
THUMBS UP,THUMBS UP,93.33333333333333
THUMBS UP,THUMBS UP,95.33333333333334
THUMBS UP,THUMBS UP,95.33333333333334
THUMBS UP,THUMBS UP,91.33333333333333
THUMBS UP,THUMBS UP,96.66666666666667
THUMBS UP,THUMBS UP,98.0
THUMBS UP,THUMBS UP,98.0
THUMBS UP,THUMBS UP,96.0
THUMBS UP,THUMBS UP,92.0
THUMBS UP,THUMBS UP,91.33333333333333
THUMBS UP,THUMBS UP,96.0
THUMBS UP,THUMBS UP,97.33333333333334
THUMBS UP,THUMBS UP,100.0
THUMBS UP,THUMBS UP,98.0
THUMBS UP,THUMBS UP,98.0
THUMBS UP,THUMBS UP,98.66666666666667
THUMBS UP,THUMBS UP,97.33333333333334
THUMBS UP,THUMBS UP,98.66666666666667
THUMBS UP,THUMBS UP,99.33333333333333
THUMBS UP,THUMBS UP,100.0
THUMBS UP,THUMBS UP,100.0
THUMBS UP,THUMBS UP,100.0
THUMBS UP,THUMBS UP,97.33333333333334
THUMBS UP,THUMBS UP,96.0
THUMBS UP,THUMBS UP,96.66666666666667
THUMBS UP,THUMBS UP,100.0
THUMBS UP,THUMBS UP,99.33333333333333
THUMBS UP,THUMBS UP,99.33333333333333
THUMBS UP,THUMBS UP,96.0
THUMBS UP,THUMBS UP,98.66666666666667
THUMBS UP,THUMBS UP,98.0
THUMBS UP,THUMBS UP,95.33333333333334
THUMBS UP,THUMBS UP,92.0
THUMBS UP,THUMBS UP,97.33333333333334
THUMBS UP,THUMBS UP,86.0
THUMBS UP,THUMBS UP,82.66666666666667
THUMBS UP,THUMBS UP,84.0
THUMBS UP,THUMBS UP,91.33333333333333
THUMBS UP,THUMBS UP,92.0
THUMBS UP,THUMBS UP,92.66666666666666
THUMBS UP,THUMBS UP,96.0
THUMBS UP,THUMBS UP,98.66666666666667
THUMBS UP,THUMBS UP,91.33333333333333
THUMBS UP,THUMBS UP,99.33333333333333
THUMBS UP,THUMBS UP,100.0
THUMBS UP,THUMBS UP,94.0
THUMBS UP,THUMBS UP,96.0
THUMBS UP,THUMBS UP,95.33333333333334
THUMBS UP,THUMBS UP,95.33333333333334
THUMBS UP,THUMBS UP,85.33333333333334
THUMBS UP,THUMBS UP,80.66666666666666
THUMBS UP,THUMBS UP,72.66666666666667
THUMBS UP,THUMBS UP,72.66666666666667
THUMBS UP,THUMBS UP,76.0
THUMBS UP,THUMBS UP,86.0
THUMBS UP,THUMBS UP,90.66666666666666
THUMBS UP,THUMBS UP,94.66666666666667
THUMBS UP,THUMBS UP,96.66666666666667
THUMBS UP,THUMBS UP,95.33333333333334
THUMBS UP,THUMBS UP,98.66666666666667
THUMBS UP,THUMBS UP,100.0
THUMBS UP,THUMBS UP,95.33333333333334
THUMBS UP,THUMBS UP,96.66666666666667
THUMBS UP,THUMBS UP,99.33333333333333
THUMBS UP,THUMBS UP,97.33333333333334
THUMBS UP,THUMBS UP,98.0
THUMBS UP,THUMBS UP,95.33333333333334
THUMBS UP,THUMBS UP,97.33333333333334
THUMBS UP,THUMBS UP,95.33333333333334
THUMBS UP,THUMBS UP,93.33333333333333
THUMBS UP,THUMBS UP,85.33333333333334
THUMBS UP,THUMBS UP,86.66666666666667
THUMBS UP,THUMBS UP,91.33333333333333
THUMBS UP,THUMBS UP,99.33333333333333
THUMBS UP,THUMBS UP,98.66666666666667
THUMBS UP,THUMBS UP,98.66666666666667
THUMBS UP,THUMBS UP,100.0
THUMBS UP,THUMBS UP,98.0
THUMBS UP,THUMBS UP,95.33333333333334
THUMBS UP,THUMBS UP,99.33333333333333
THUMBS UP,THUMBS UP,99.33333333333333
THUMBS UP,THUMBS UP,98.66666666666667
THUMBS UP,THUMBS UP,99.33333333333333
THUMBS UP,THUMBS UP,99.33333333333333
THUMBS UP,THUMBS UP,100.0
THUMBS UP,THUMBS UP,100.0
THUMBS UP,THUMBS UP,100.0
THUMBS UP,THUMBS UP,97.33333333333334
THUMBS UP,THUMBS UP,95.33333333333334
THUMBS UP,THUMBS UP,96.0
THUMBS UP,THUMBS UP,99.33333333333333
THUMBS UP,THUMBS UP,98.66666666666667
THUMBS UP,THUMBS UP,98.66666666666667
THUMBS UP,THUMBS UP,99.33333333333333
THUMBS UP,THUMBS UP,99.33333333333333
THUMBS UP,THUMBS UP,97.33333333333334
THUMBS UP,THUMBS UP,99.33333333333333
THUMBS UP,THUMBS UP,96.66666666666667
THUMBS UP,THUMBS UP,57.99999999999999
THUMBS UP,THUMBS UP,47.333333333333336
THUMBS UP,THUMBS UP,47.333333333333336
THUMBS UP,THUMBS UP,46.666666666666664
THUMBS UP,THUMBS UP,66.66666666666666
THUMBS UP,THUMBS UP,78.0
THUMBS UP,THUMBS UP,88.66666666666667
THUMBS UP,THUMBS UP,98.0
THUMBS UP,THUMBS UP,96.66666666666667
THUMBS UP,THUMBS UP,93.33333333333333
THUMBS UP,THUMBS UP,95.33333333333334
THUMBS UP,THUMBS UP,98.66666666666667
THUMBS UP,THUMBS UP,99.33333333333333
THUMBS UP,THUMBS UP,95.33333333333334
THUMBS UP,THUMBS UP,91.33333333333333
THUMBS UP,THUMBS UP,91.33333333333333
THUMBS UP,THUMBS UP,88.0
THUMBS UP,THUMBS UP,96.66666666666667
THUMBS UP,THUMBS UP,99.33333333333333
THUMBS UP,THUMBS UP,98.0
THUMBS UP,THUMBS UP,100.0
THUMBS UP,THUMBS UP,98.0
THUMBS UP,THUMBS UP,98.0
THUMBS UP,THUMBS UP,97.33333333333334
THUMBS UP,THUMBS UP,98.0
THUMBS UP,THUMBS UP,98.0
THUMBS UP,THUMBS UP,98.0
THUMBS UP,THUMBS UP,98.0
THUMBS UP,THUMBS UP,97.33333333333334
THUMBS UP,THUMBS UP,98.0
THUMBS UP,THUMBS UP,96.0
THUMBS UP,THUMBS UP,98.0
THUMBS UP,THUMBS UP,96.66666666666667
THUMBS UP,THUMBS UP,98.66666666666667
THUMBS UP,THUMBS UP,99.33333333333333
THUMBS UP,THUMBS UP,98.0
THUMBS UP,THUMBS UP,99.33333333333333
THUMBS UP,THUMBS UP,100.0
THUMBS UP,THUMBS UP,100.0
THUMBS UP,THUMBS UP,99.33333333333333
THUMBS UP,THUMBS UP,98.66666666666667
THUMBS UP,THUMBS UP,97.33333333333334
THUMBS UP,THUMBS UP,99.33333333333333
THUMBS UP,THUMBS UP,97.33333333333334
THUMBS UP,THUMBS UP,95.33333333333334
THUMBS UP,THUMBS UP,92.66666666666666
THUMBS UP,THUMBS UP,90.66666666666666
THUMBS UP,THUMBS UP,89.33333333333333
THUMBS UP,THUMBS UP,96.0
THUMBS UP,THUMBS UP,98.66666666666667
THUMBS UP,THUMBS UP,98.66666666666667
THUMBS UP,THUMBS UP,98.66666666666667
THUMBS UP,THUMBS UP,99.33333333333333
THUMBS UP,THUMBS UP,99.33333333333333
THUMBS UP,THUMBS UP,95.33333333333334
THUMBS UP,THUMBS UP,98.66666666666667
THUMBS UP,THUMBS UP,97.33333333333334
THUMBS UP,THUMBS UP,98.0
THUMBS UP,THUMBS UP,98.66666666666667
THUMBS UP,THUMBS UP,98.0
THUMBS UP,THUMBS UP,98.66666666666667
THUMBS UP,THUMBS UP,97.33333333333334
THUMBS UP,THUMBS UP,97.33333333333334
THUMBS UP,THUMBS UP,98.66666666666667
THUMBS UP,THUMBS UP,99.33333333333333
THUMBS UP,THUMBS UP,98.66666666666667
THUMBS UP,THUMBS UP,98.66666666666667
THUMBS UP,THUMBS UP,98.0
THUMBS UP,THUMBS UP,99.33333333333333
THUMBS UP,THUMBS UP,97.33333333333334
THUMBS UP,THUMBS UP,98.66666666666667
THUMBS UP,THUMBS UP,98.66666666666667
THUMBS UP,THUMBS UP,100.0
THUMBS UP,THUMBS UP,99.33333333333333
THUMBS UP,THUMBS UP,99.33333333333333
THUMBS UP,THUMBS UP,100.0
THUMBS UP,THUMBS UP,99.33333333333333
THUMBS UP,THUMBS UP,98.66666666666667
THUMBS UP,THUMBS UP,99.33333333333333
THUMBS UP,THUMBS UP,99.33333333333333
THUMBS UP,THUMBS UP,98.0
THUMBS UP,THUMBS UP,98.0
THUMBS UP,THUMBS UP,99.33333333333333
THUMBS UP,THUMBS UP,99.33333333333333
THUMBS UP,THUMBS UP,97.33333333333334
THUMBS UP,THUMBS UP,85.33333333333334
THUMBS UP,THUMBS UP,92.0
THUMBS UP,THUMBS UP,92.66666666666666
THUMBS UP,THUMBS UP,97.33333333333334
THUMBS UP,THUMBS UP,97.33333333333334
THUMBS UP,THUMBS UP,97.33333333333334
THUMBS UP,THUMBS UP,96.0
THUMBS UP,THUMBS UP,100.0
THUMBS UP,THUMBS UP,100.0
THUMBS UP,THUMBS UP,98.66666666666667
THUMBS UP,THUMBS UP,98.66666666666667
THUMBS UP,THUMBS UP,98.0
THUMBS UP,THUMBS UP,98.0
THUMBS UP,THUMBS UP,98.66666666666667
THUMBS UP,THUMBS UP,99.33333333333333
THUMBS UP,THUMBS UP,100.0
THUMBS UP,THUMBS UP,100.0
THUMBS UP,THUMBS UP,99.33333333333333
THUMBS UP,THUMBS UP,97.33333333333334
THUMBS UP,THUMBS UP,94.0
THUMBS UP,THUMBS UP,93.33333333333333
THUMBS UP,THUMBS UP,86.66666666666667
THUMBS UP,THUMBS UP,92.0
THUMBS UP,THUMBS UP,98.0
THUMBS UP,THUMBS UP,95.33333333333334
THUMBS UP,THUMBS UP,90.0
THUMBS UP,THUMBS UP,90.66666666666666
THUMBS UP,THUMBS UP,90.66666666666666
THUMBS UP,THUMBS UP,92.0
THUMBS UP,THUMBS UP,88.0
THUMBS UP,THUMBS UP,91.33333333333333
THUMBS UP,THUMBS UP,93.33333333333333
THUMBS UP,THUMBS UP,95.33333333333334
THUMBS UP,THUMBS UP,99.33333333333333
THUMBS UP,THUMBS UP,99.33333333333333
THUMBS UP,THUMBS UP,98.0
THUMBS UP,THUMBS UP,98.66666666666667
THUMBS UP,THUMBS UP,98.66666666666667
THUMBS UP,THUMBS UP,98.0
THUMBS UP,THUMBS UP,100.0
THUMBS UP,THUMBS UP,100.0
THUMBS UP,THUMBS UP,100.0
THUMBS UP,THUMBS UP,100.0
THUMBS UP,THUMBS UP,100.0
THUMBS UP,THUMBS UP,100.0
THUMBS UP,THUMBS UP,99.33333333333333
THUMBS UP,THUMBS UP,100.0
THUMBS UP,THUMBS UP,100.0
THUMBS UP,THUMBS UP,99.33333333333333
THUMBS UP,THUMBS UP,100.0
THUMBS UP,THUMBS UP,99.33333333333333
THUMBS UP,THUMBS UP,98.66666666666667
THUMBS UP,THUMBS UP,95.33333333333334
THUMBS UP,THUMBS UP,87.33333333333333
THUMBS UP,THUMBS UP,92.66666666666666
THUMBS UP,THUMBS UP,84.66666666666667
THUMBS UP,THUMBS UP,86.0
THUMBS UP,THUMBS UP,82.0
THUMBS UP,THUMBS UP,80.0
THUMBS UP,THUMBS UP,84.0
THUMBS UP,THUMBS UP,91.33333333333333
THUMBS UP,THUMBS UP,96.66666666666667
THUMBS UP,THUMBS UP,98.0
THUMBS UP,THUMBS UP,96.0
THUMBS UP,THUMBS UP,99.33333333333333
THUMBS UP,THUMBS UP,98.0
THUMBS UP,THUMBS UP,98.66666666666667
THUMBS UP,THUMBS UP,100.0
THUMBS UP,THUMBS UP,100.0
THUMBS UP,THUMBS UP,100.0
THUMBS UP,THUMBS UP,100.0
THUMBS UP,THUMBS UP,100.0
THUMBS UP,THUMBS UP,100.0
THUMBS UP,THUMBS UP,100.0
THUMBS UP,THUMBS UP,99.33333333333333
THUMBS UP,THUMBS UP,99.33333333333333
THUMBS UP,THUMBS UP,99.33333333333333
THUMBS UP,THUMBS UP,98.0
THUMBS UP,THUMBS UP,98.0
THUMBS UP,THUMBS UP,98.66666666666667
THUMBS UP,THUMBS UP,98.66666666666667
THUMBS UP,THUMBS UP,100.0
THUMBS UP,THUMBS UP,98.0
THUMBS UP,THUMBS UP,98.0
THUMBS UP,THUMBS UP,97.33333333333334
THUMBS UP,THUMBS UP,97.33333333333334
THUMBS UP,THUMBS UP,98.0
THUMBS UP,THUMBS UP,98.0
THUMBS UP,THUMBS UP,98.0
THUMBS UP,THUMBS UP,98.0
THUMBS UP,THUMBS UP,98.0
THUMBS UP,THUMBS UP,97.33333333333334
THUMBS UP,THUMBS UP,97.33333333333334
THUMBS UP,THUMBS UP,97.33333333333334
THUMBS UP,THUMBS UP,97.33333333333334
THUMBS UP,THUMBS UP,97.33333333333334
THUMBS UP,THUMBS UP,97.33333333333334
THUMBS UP,THUMBS UP,98.0
THUMBS UP,THUMBS UP,96.0
THUMBS UP,THUMBS UP,96.66666666666667
THUMBS UP,THUMBS UP,99.33333333333333
THUMBS UP,THUMBS UP,99.33333333333333
THUMBS UP,THUMBS UP,99.33333333333333
THUMBS UP,THUMBS UP,98.66666666666667
THUMBS UP,THUMBS UP,96.0
THUMBS UP,THUMBS UP,97.33333333333334
THUMBS UP,THUMBS UP,98.0
THUMBS UP,THUMBS UP,98.66666666666667
THUMBS UP,THUMBS UP,93.33333333333333
THUMBS UP,THUMBS UP,94.0
THUMBS UP,THUMBS UP,98.66666666666667
THUMBS UP,THUMBS UP,98.0
THUMBS UP,THUMBS UP,95.33333333333334
THUMBS UP,THUMBS UP,96.66666666666667
THUMBS UP,THUMBS UP,97.33333333333334
THUMBS UP,THUMBS UP,98.0
THUMBS UP,THUMBS UP,99.33333333333333
THUMBS UP,THUMBS UP,98.66666666666667
THUMBS UP,THUMBS UP,97.33333333333334
THUMBS UP,THUMBS UP,99.33333333333333
THUMBS UP,THUMBS UP,98.0
THUMBS UP,THUMBS UP,98.66666666666667
THUMBS UP,THUMBS UP,99.33333333333333
THUMBS UP,THUMBS UP,100.0
THUMBS UP,THUMBS UP,98.66666666666667
THUMBS UP,THUMBS UP,98.66666666666667
THUMBS UP,THUMBS UP,98.0
THUMBS UP,THUMBS UP,96.0
THUMBS UP,THUMBS UP,98.66666666666667
THUMBS UP,THUMBS UP,99.33333333333333
THUMBS UP,THUMBS UP,97.33333333333334
THUMBS UP,THUMBS UP,97.33333333333334
THUMBS UP,THUMBS UP,97.33333333333334
THUMBS UP,THUMBS UP,99.33333333333333
THUMBS UP,THUMBS UP,99.33333333333333
THUMBS UP,THUMBS UP,97.33333333333334
THUMBS UP,THUMBS UP,99.33333333333333
THUMBS UP,THUMBS UP,98.66666666666667
THUMBS UP,THUMBS UP,99.33333333333333
THUMBS UP,THUMBS UP,100.0
THUMBS UP,THUMBS UP,100.0
THUMBS UP,THUMBS UP,100.0
THUMBS UP,THUMBS UP,100.0
THUMBS UP,THUMBS UP,99.33333333333333
THUMBS UP,THUMBS UP,100.0
THUMBS UP,THUMBS UP,100.0
THUMBS UP,THUMBS UP,100.0
THUMBS UP,THUMBS UP,100.0
THUMBS UP,THUMBS UP,100.0
THUMBS UP,THUMBS UP,100.0
THUMBS UP,THUMBS UP,100.0
THUMBS UP,THUMBS UP,100.0
THUMBS UP,THUMBS UP,100.0
THUMBS UP,THUMBS UP,100.0
THUMBS UP,THUMBS UP,100.0
THUMBS UP,THUMBS UP,100.0
THUMBS UP,THUMBS UP,100.0
THUMBS UP,THUMBS UP,100.0
THUMBS UP,THUMBS UP,99.33333333333333
THUMBS UP,THUMBS UP,100.0
THUMBS UP,THUMBS UP,99.33333333333333
THUMBS UP,THUMBS UP,100.0
THUMBS UP,THUMBS UP,100.0
THUMBS UP,THUMBS UP,100.0
THUMBS UP,THUMBS UP,99.33333333333333
THUMBS UP,THUMBS UP,98.66666666666667
THUMBS UP,THUMBS UP,98.66666666666667
THUMBS UP,THUMBS UP,94.0
THUMBS UP,THUMBS UP,90.66666666666666
THUMBS UP,THUMBS UP,90.66666666666666
THUMBS UP,THUMBS UP,90.0
THUMBS UP,THUMBS UP,95.33333333333334
THUMBS UP,THUMBS UP,94.66666666666667
THUMBS UP,THUMBS UP,96.66666666666667
THUMBS UP,THUMBS UP,96.66666666666667
THUMBS UP,THUMBS UP,97.33333333333334
THUMBS UP,THUMBS UP,96.66666666666667
THUMBS UP,THUMBS UP,95.33333333333334
THUMBS UP,THUMBS UP,97.33333333333334
THUMBS UP,THUMBS UP,92.0
THUMBS UP,THUMBS UP,90.0
THUMBS UP,THUMBS UP,98.66666666666667
THUMBS UP,THUMBS UP,97.33333333333334
THUMBS UP,THUMBS UP,94.0
THUMBS UP,THUMBS UP,98.0
THUMBS UP,THUMBS UP,98.0
THUMBS UP,THUMBS UP,100.0
THUMBS UP,THUMBS UP,100.0
THUMBS UP,THUMBS UP,100.0
THUMBS UP,THUMBS UP,100.0
THUMBS UP,THUMBS UP,95.33333333333334
THUMBS UP,THUMBS UP,96.66666666666667
THUMBS UP,THUMBS UP,98.0
THUMBS UP,THUMBS UP,99.33333333333333
THUMBS UP,THUMBS UP,100.0
THUMBS UP,THUMBS UP,100.0
THUMBS UP,THUMBS UP,98.0
THUMBS UP,THUMBS UP,98.0
THUMBS UP,THUMBS UP,94.0
THUMBS UP,THUMBS UP,92.0
THUMBS UP,THUMBS UP,91.33333333333333
THUMBS UP,THUMBS UP,96.0
THUMBS UP,THUMBS UP,98.66666666666667
THUMBS UP,THUMBS UP,98.0
THUMBS UP,THUMBS UP,96.0
THUMBS UP,THUMBS UP,98.0
THUMBS UP,THUMBS UP,98.66666666666667
THUMBS UP,THUMBS UP,97.33333333333334
THUMBS UP,THUMBS UP,98.0
THUMBS UP,THUMBS UP,98.0
THUMBS UP,THUMBS UP,98.0
THUMBS UP,THUMBS UP,98.66666666666667
THUMBS UP,THUMBS UP,96.66666666666667
THUMBS UP,THUMBS UP,96.0
THUMBS UP,THUMBS UP,95.33333333333334
THUMBS UP,THUMBS UP,99.33333333333333
THUMBS UP,THUMBS UP,99.33333333333333
THUMBS UP,THUMBS UP,100.0
THUMBS UP,THUMBS UP,100.0
THUMBS UP,THUMBS UP,100.0
THUMBS UP,THUMBS UP,100.0
THUMBS UP,THUMBS UP,100.0
THUMBS UP,THUMBS UP,100.0
THUMBS UP,THUMBS UP,100.0
THUMBS UP,THUMBS UP,100.0
THUMBS UP,THUMBS UP,100.0
THUMBS UP,THUMBS UP,100.0
THUMBS UP,THUMBS UP,99.33333333333333
THUMBS UP,THUMBS UP,100.0
THUMBS UP,THUMBS UP,100.0
THUMBS UP,THUMBS UP,100.0
THUMBS UP,THUMBS UP,99.33333333333333
THUMBS UP,THUMBS UP,98.66666666666667
THUMBS UP,THUMBS UP,100.0
THUMBS UP,THUMBS UP,100.0
THUMBS UP,THUMBS UP,96.66666666666667
THUMBS UP,THUMBS UP,98.0
THUMBS UP,THUMBS UP,97.33333333333334
THUMBS UP,THUMBS UP,94.66666666666667
THUMBS UP,THUMBS UP,96.66666666666667
THUMBS UP,THUMBS UP,96.0
THUMBS UP,THUMBS UP,97.33333333333334
THUMBS UP,THUMBS UP,98.66666666666667
THUMBS UP,THUMBS UP,98.66666666666667
THUMBS UP,THUMBS UP,99.33333333333333
THUMBS UP,THUMBS UP,100.0
THUMBS UP,THUMBS UP,100.0
THUMBS UP,THUMBS UP,100.0
THUMBS UP,THUMBS UP,99.33333333333333
THUMBS UP,THUMBS UP,98.66666666666667
THUMBS UP,THUMBS UP,95.33333333333334
THUMBS UP,THUMBS UP,93.33333333333333
THUMBS UP,THUMBS UP,95.33333333333334
THUMBS UP,THUMBS UP,94.0
THUMBS UP,THUMBS UP,98.0
THUMBS UP,THUMBS UP,100.0
THUMBS UP,THUMBS UP,100.0
THUMBS UP,THUMBS UP,99.33333333333333
THUMBS UP,THUMBS UP,100.0
THUMBS UP,THUMBS UP,99.33333333333333
THUMBS UP,THUMBS UP,99.33333333333333
THUMBS UP,THUMBS UP,99.33333333333333
THUMBS UP,THUMBS UP,99.33333333333333
THUMBS UP,THUMBS UP,99.33333333333333
THUMBS UP,THUMBS UP,97.33333333333334
THUMBS UP,THUMBS UP,97.33333333333334
THUMBS UP,THUMBS UP,98.0
THUMBS UP,THUMBS UP,98.0
THUMBS UP,THUMBS UP,98.66666666666667
THUMBS UP,THUMBS UP,100.0
THUMBS UP,THUMBS UP,100.0
THUMBS UP,THUMBS UP,98.0
THUMBS UP,THUMBS UP,96.0
THUMBS UP,THUMBS UP,96.66666666666667
THUMBS UP,THUMBS UP,98.0
THUMBS UP,THUMBS UP,99.33333333333333
THUMBS UP,THUMBS UP,95.33333333333334
THUMBS UP,THUMBS UP,94.66666666666667
THUMBS UP,THUMBS UP,96.0
THUMBS UP,THUMBS UP,93.33333333333333
THUMBS UP,THUMBS UP,91.33333333333333
THUMBS UP,THUMBS UP,96.0
THUMBS UP,THUMBS UP,92.0
THUMBS UP,THUMBS UP,88.0
THUMBS UP,THUMBS UP,94.66666666666667
THUMBS UP,THUMBS UP,95.33333333333334
THUMBS UP,THUMBS UP,93.33333333333333
THUMBS UP,THUMBS UP,99.33333333333333
THUMBS UP,THUMBS UP,99.33333333333333
THUMBS UP,THUMBS UP,98.0
THUMBS UP,THUMBS UP,97.33333333333334
THUMBS UP,THUMBS UP,98.0
THUMBS UP,THUMBS UP,98.66666666666667
THUMBS UP,THUMBS UP,100.0
THUMBS UP,THUMBS UP,100.0
THUMBS UP,THUMBS UP,100.0
THUMBS UP,THUMBS UP,94.66666666666667
THUMBS UP,THUMBS UP,99.33333333333333
THUMBS UP,THUMBS UP,100.0
THUMBS UP,THUMBS UP,99.33333333333333
THUMBS UP,THUMBS UP,100.0
THUMBS UP,THUMBS UP,92.66666666666666
THUMBS UP,THUMBS UP,99.33333333333333
THUMBS UP,THUMBS UP,99.33333333333333
THUMBS UP,THUMBS UP,96.66666666666667
THUMBS UP,THUMBS UP,99.33333333333333
THUMBS UP,THUMBS UP,97.33333333333334
THUMBS UP,THUMBS UP,100.0
THUMBS UP,THUMBS UP,97.33333333333334
THUMBS UP,THUMBS UP,99.33333333333333
THUMBS UP,THUMBS UP,99.33333333333333
THUMBS UP,THUMBS UP,100.0
THUMBS UP,THUMBS UP,100.0
THUMBS UP,THUMBS UP,100.0
THUMBS UP,THUMBS UP,100.0
THUMBS UP,THUMBS UP,99.33333333333333
THUMBS UP,THUMBS UP,100.0
THUMBS UP,THUMBS UP,99.33333333333333
THUMBS UP,THUMBS UP,100.0
THUMBS UP,THUMBS UP,100.0
THUMBS UP,THUMBS UP,100.0
THUMBS UP,THUMBS UP,96.66666666666667
THUMBS UP,THUMBS UP,99.33333333333333
THUMBS UP,THUMBS UP,100.0
THUMBS UP,THUMBS UP,100.0
THUMBS UP,THUMBS UP,99.33333333333333
THUMBS UP,THUMBS UP,98.66666666666667
THUMBS UP,THUMBS UP,98.0
THUMBS UP,THUMBS UP,99.33333333333333
THUMBS UP,THUMBS UP,98.66666666666667
THUMBS UP,THUMBS UP,98.66666666666667
THUMBS UP,THUMBS UP,98.0
THUMBS UP,THUMBS UP,98.66666666666667
THUMBS UP,THUMBS UP,98.66666666666667
THUMBS UP,THUMBS UP,100.0
THUMBS UP,THUMBS UP,98.66666666666667
THUMBS UP,THUMBS UP,98.0
THUMBS UP,THUMBS UP,99.33333333333333
THUMBS UP,THUMBS UP,96.66666666666667
THUMBS UP,THUMBS UP,99.33333333333333
THUMBS UP,THUMBS UP,100.0
THUMBS UP,THUMBS UP,98.66666666666667
THUMBS UP,THUMBS UP,99.33333333333333
THUMBS UP,THUMBS UP,96.66666666666667
THUMBS UP,THUMBS UP,98.66666666666667
THUMBS UP,THUMBS UP,99.33333333333333
THUMBS UP,THUMBS UP,100.0
THUMBS UP,THUMBS UP,99.33333333333333
THUMBS UP,THUMBS UP,100.0
THUMBS UP,THUMBS UP,100.0
THUMBS UP,THUMBS UP,100.0
THUMBS UP,THUMBS UP,100.0
THUMBS UP,THUMBS UP,100.0
THUMBS UP,THUMBS UP,100.0
THUMBS UP,THUMBS UP,100.0
THUMBS UP,THUMBS UP,83.33333333333334
THUMBS UP,THUMBS UP,96.0
THUMBS UP,THUMBS UP,96.0
THUMBS UP,THUMBS UP,96.66666666666667
THUMBS UP,THUMBS UP,97.33333333333334
THUMBS UP,THUMBS UP,92.66666666666666
THUMBS UP,THUMBS UP,92.66666666666666
THUMBS UP,THUMBS UP,94.0
THUMBS UP,THUMBS UP,94.0
THUMBS UP,THUMBS UP,94.66666666666667
THUMBS UP,THUMBS UP,93.33333333333333
THUMBS UP,THUMBS UP,90.66666666666666
THUMBS UP,THUMBS UP,90.66666666666666
THUMBS UP,THUMBS UP,91.33333333333333
THUMBS UP,THUMBS UP,86.66666666666667
THUMBS UP,THUMBS UP,79.33333333333333
THUMBS UP,THUMBS UP,75.33333333333333
THUMBS UP,THUMBS UP,76.66666666666667
THUMBS UP,THUMBS UP,76.0
THUMBS UP,THUMBS UP,81.33333333333333
THUMBS UP,THUMBS UP,80.0
THUMBS UP,THUMBS UP,79.33333333333333
THUMBS UP,THUMBS UP,82.66666666666667
THUMBS UP,THUMBS UP,82.0
THUMBS UP,THUMBS UP,86.0
THUMBS UP,THUMBS UP,88.0
THUMBS UP,THUMBS UP,89.33333333333333
THUMBS UP,THUMBS UP,90.0
THUMBS UP,THUMBS UP,92.0
THUMBS UP,THUMBS UP,95.33333333333334
THUMBS UP,THUMBS UP,94.66666666666667
THUMBS UP,THUMBS UP,98.66666666666667
THUMBS UP,THUMBS UP,97.33333333333334
THUMBS UP,THUMBS UP,98.66666666666667
THUMBS UP,THUMBS UP,97.33333333333334
THUMBS UP,THUMBS UP,96.66666666666667
THUMBS UP,THUMBS UP,98.0
THUMBS UP,THUMBS UP,99.33333333333333
THUMBS UP,THUMBS UP,100.0
THUMBS UP,THUMBS UP,99.33333333333333
THUMBS UP,THUMBS UP,100.0
THUMBS UP,THUMBS UP,100.0
THUMBS UP,THUMBS UP,98.66666666666667
THUMBS UP,THUMBS UP,99.33333333333333
THUMBS UP,THUMBS UP,96.0
THUMBS UP,THUMBS UP,94.66666666666667
THUMBS UP,THUMBS UP,95.33333333333334
THUMBS UP,THUMBS UP,98.0
THUMBS UP,THUMBS UP,96.0
THUMBS UP,THUMBS UP,95.33333333333334
THUMBS UP,THUMBS UP,96.66666666666667
THUMBS UP,THUMBS UP,97.33333333333334
THUMBS UP,THUMBS UP,97.33333333333334
THUMBS UP,THUMBS UP,97.33333333333334
THUMBS UP,THUMBS UP,93.33333333333333
THUMBS UP,THUMBS UP,94.0
THUMBS UP,THUMBS UP,100.0
THUMBS UP,THUMBS UP,100.0
THUMBS UP,THUMBS UP,100.0
THUMBS UP,THUMBS UP,100.0
THUMBS UP,THUMBS UP,99.33333333333333
THUMBS UP,THUMBS UP,99.33333333333333
THUMBS UP,THUMBS UP,98.66666666666667
THUMBS UP,THUMBS UP,98.66666666666667
THUMBS UP,THUMBS UP,97.33333333333334
THUMBS UP,THUMBS UP,99.33333333333333
THUMBS UP,THUMBS UP,98.0
THUMBS UP,THUMBS UP,100.0
THUMBS UP,THUMBS UP,98.66666666666667
THUMBS UP,THUMBS UP,99.33333333333333
THUMBS UP,THUMBS UP,99.33333333333333
THUMBS UP,THUMBS UP,100.0
THUMBS UP,THUMBS UP,100.0
THUMBS UP,THUMBS UP,99.33333333333333
THUMBS UP,THUMBS UP,99.33333333333333
THUMBS UP,THUMBS UP,98.66666666666667
THUMBS UP,THUMBS UP,98.66666666666667
THUMBS UP,THUMBS UP,99.33333333333333
THUMBS UP,THUMBS UP,96.0
THUMBS UP,THUMBS UP,98.66666666666667
THUMBS UP,THUMBS UP,98.66666666666667
THUMBS UP,THUMBS UP,97.33333333333334
THUMBS UP,THUMBS UP,100.0
THUMBS UP,THUMBS UP,99.33333333333333
THUMBS UP,THUMBS UP,97.33333333333334
THUMBS UP,THUMBS UP,98.66666666666667
THUMBS UP,THUMBS UP,98.0
THUMBS UP,THUMBS UP,95.33333333333334
THUMBS UP,THUMBS UP,98.0
THUMBS UP,THUMBS UP,98.0
THUMBS UP,THUMBS UP,100.0
THUMBS UP,THUMBS UP,100.0
THUMBS UP,THUMBS UP,100.0
THUMBS UP,THUMBS UP,100.0
THUMBS UP,THUMBS UP,98.66666666666667
THUMBS UP,THUMBS UP,96.66666666666667
THUMBS UP,THUMBS UP,97.33333333333334
THUMBS UP,THUMBS UP,92.66666666666666
THUMBS UP,THUMBS UP,98.66666666666667
THUMBS UP,THUMBS UP,96.66666666666667
THUMBS UP,THUMBS UP,94.66666666666667
THUMBS UP,THUMBS UP,97.33333333333334
THUMBS UP,THUMBS UP,96.0
THUMBS UP,THUMBS UP,96.0
THUMBS UP,THUMBS UP,96.0
THUMBS UP,THUMBS UP,97.33333333333334
THUMBS UP,THUMBS UP,91.33333333333333
THUMBS UP,THUMBS UP,94.66666666666667
THUMBS UP,THUMBS UP,99.33333333333333
THUMBS UP,THUMBS UP,100.0
THUMBS UP,THUMBS UP,100.0
THUMBS UP,THUMBS UP,100.0
THUMBS UP,THUMBS UP,100.0
THUMBS UP,THUMBS UP,100.0
THUMBS UP,THUMBS UP,100.0
THUMBS UP,THUMBS UP,100.0
THUMBS UP,THUMBS UP,100.0
THUMBS UP,THUMBS UP,100.0
THUMBS UP,THUMBS UP,100.0
THUMBS UP,THUMBS UP,98.0
THUMBS UP,THUMBS UP,96.66666666666667
THUMBS UP,THUMBS UP,100.0
THUMBS UP,THUMBS UP,100.0
THUMBS UP,THUMBS UP,100.0
THUMBS UP,THUMBS UP,100.0
THUMBS UP,THUMBS UP,98.66666666666667
THUMBS UP,THUMBS UP,94.0
THUMBS UP,THUMBS UP,98.0
THUMBS UP,THUMBS UP,97.33333333333334
THUMBS UP,THUMBS UP,98.66666666666667
THUMBS UP,THUMBS UP,97.33333333333334
THUMBS UP,THUMBS UP,96.66666666666667
THUMBS UP,THUMBS UP,95.33333333333334
THUMBS UP,THUMBS UP,93.33333333333333
THUMBS UP,THUMBS UP,93.33333333333333
THUMBS UP,THUMBS UP,94.0
THUMBS UP,THUMBS UP,96.0
THUMBS UP,THUMBS UP,89.33333333333333
THUMBS UP,THUMBS UP,96.0
THUMBS UP,THUMBS UP,98.66666666666667
THUMBS UP,THUMBS UP,98.66666666666667
THUMBS UP,THUMBS UP,99.33333333333333
THUMBS UP,THUMBS UP,100.0
THUMBS UP,THUMBS UP,100.0
THUMBS UP,THUMBS UP,100.0
THUMBS UP,THUMBS UP,100.0
THUMBS UP,THUMBS UP,100.0
THUMBS UP,THUMBS UP,100.0
THUMBS UP,THUMBS UP,100.0
THUMBS UP,THUMBS UP,100.0
THUMBS UP,THUMBS UP,99.33333333333333
THUMBS UP,THUMBS UP,99.33333333333333
THUMBS UP,THUMBS UP,98.0
THUMBS UP,THUMBS UP,98.66666666666667
THUMBS UP,THUMBS UP,86.66666666666667
THUMBS UP,THUMBS UP,96.0
THUMBS UP,THUMBS UP,96.0
THUMBS UP,THUMBS UP,96.0
THUMBS UP,THUMBS UP,92.66666666666666
THUMBS UP,THUMBS UP,96.0
THUMBS UP,THUMBS UP,96.0
THUMBS UP,THUMBS UP,96.66666666666667
THUMBS UP,THUMBS UP,96.0
THUMBS UP,THUMBS UP,96.0
THUMBS UP,THUMBS UP,96.0
THUMBS UP,THUMBS UP,98.0
THUMBS UP,THUMBS UP,97.33333333333334
THUMBS UP,THUMBS UP,98.66666666666667
THUMBS UP,THUMBS UP,97.33333333333334
THUMBS UP,THUMBS UP,98.0
THUMBS UP,THUMBS UP,96.66666666666667
THUMBS UP,THUMBS UP,97.33333333333334
THUMBS UP,THUMBS UP,98.66666666666667
THUMBS UP,THUMBS UP,98.66666666666667
THUMBS UP,THUMBS UP,98.0
THUMBS UP,THUMBS UP,100.0
THUMBS UP,THUMBS UP,98.66666666666667
THUMBS UP,THUMBS UP,98.66666666666667
THUMBS UP,THUMBS UP,98.66666666666667
THUMBS UP,THUMBS UP,98.66666666666667
THUMBS UP,THUMBS UP,96.0
THUMBS UP,THUMBS UP,96.66666666666667
THUMBS UP,THUMBS UP,96.66666666666667
THUMBS UP,THUMBS UP,94.66666666666667
OK,OK,96.66666666666667
OK,OK,96.66666666666667
OK,OK,96.66666666666667
OK,OK,98.0
OK,OK,96.66666666666667
OK,OK,96.66666666666667
OK,OK,96.0
OK,OK,96.66666666666667
OK,OK,96.66666666666667
OK,OK,96.0
OK,OK,96.0
OK,OK,96.66666666666667
OK,OK,96.66666666666667
OK,OK,97.33333333333334
OK,OK,96.66666666666667
OK,OK,96.0
OK,OK,96.0
OK,OK,96.66666666666667
OK,OK,96.0
OK,OK,96.66666666666667
OK,OK,93.33333333333333
OK,OK,92.0
OK,OK,95.33333333333334
OK,OK,94.66666666666667
OK,OK,95.33333333333334
OK,OK,96.0
OK,OK,96.66666666666667
OK,OK,96.0
OK,OK,96.0
OK,OK,96.66666666666667
OK,OK,96.0
OK,OK,95.33333333333334
OK,OK,96.0
OK,OK,96.0
OK,OK,97.33333333333334
OK,OK,96.0
OK,OK,96.0
OK,OK,98.0
OK,OK,97.33333333333334
OK,OK,97.33333333333334
OK,OK,97.33333333333334
OK,OK,97.33333333333334
OK,OK,97.33333333333334
OK,OK,98.66666666666667
OK,OK,98.0
OK,OK,98.66666666666667
OK,OK,98.0
OK,OK,96.0
OK,OK,96.66666666666667
OK,OK,98.0
OK,OK,97.33333333333334
OK,OK,96.66666666666667
OK,OK,97.33333333333334
OK,OK,97.33333333333334
OK,OK,98.0
OK,OK,94.0
OK,OK,98.0
OK,OK,96.0
OK,OK,98.0
OK,OK,98.66666666666667
OK,OK,98.66666666666667
OK,OK,96.66666666666667
OK,OK,98.66666666666667
OK,OK,98.66666666666667
OK,OK,98.66666666666667
OK,OK,98.66666666666667
OK,OK,98.66666666666667
OK,OK,96.0
OK,OK,96.0
OK,OK,96.66666666666667
OK,OK,96.66666666666667
OK,OK,95.33333333333334
OK,OK,96.66666666666667
OK,OK,96.0
OK,OK,96.66666666666667
OK,OK,96.66666666666667
OK,OK,96.66666666666667
OK,OK,97.33333333333334
OK,OK,97.33333333333334
OK,OK,98.0
OK,OK,97.33333333333334
OK,OK,97.33333333333334
OK,OK,96.66666666666667
OK,OK,97.33333333333334
OK,OK,98.0
OK,OK,98.66666666666667
OK,OK,98.0
OK,OK,98.0
OK,OK,97.33333333333334
OK,OK,96.66666666666667
OK,OK,96.66666666666667
OK,OK,96.0
OK,OK,96.0
OK,OK,96.0
OK,OK,96.0
OK,OK,96.0
OK,OK,96.0
OK,OK,96.66666666666667
OK,OK,96.66666666666667
OK,OK,96.66666666666667
OK,OK,96.0
OK,OK,96.66666666666667
OK,OK,96.66666666666667
OK,OK,100.0
OK,OK,99.33333333333333
OK,OK,100.0
OK,OK,100.0
OK,OK,99.33333333333333
OK,OK,98.66666666666667
OK,OK,98.66666666666667
OK,OK,99.33333333333333
OK,OK,99.33333333333333
OK,OK,99.33333333333333
OK,OK,99.33333333333333
OK,OK,98.0
OK,OK,98.0
OK,OK,96.0
OK,OK,96.0
OK,OK,97.33333333333334
OK,OK,98.66666666666667
OK,OK,94.66666666666667
OK,OK,98.0
OK,OK,99.33333333333333
OK,OK,98.0
OK,OK,98.0
OK,OK,99.33333333333333
OK,OK,98.66666666666667
OK,OK,99.33333333333333
OK,OK,98.66666666666667
OK,OK,99.33333333333333
OK,OK,100.0
OK,OK,94.0
OK,OK,90.66666666666666
OK,OK,85.33333333333334
OK,OK,82.66666666666667
OK,OK,80.66666666666666
OK,OK,78.0
OK,OK,90.0
OK,OK,88.0
OK,OK,92.0
OK,OK,97.33333333333334
OK,OK,99.33333333333333
OK,OK,98.66666666666667
OK,OK,99.33333333333333
OK,OK,100.0
OK,OK,98.66666666666667
OK,OK,100.0
OK,OK,100.0
OK,OK,96.0
OK,OK,91.33333333333333
OK,OK,90.0
OK,OK,92.0
OK,OK,88.66666666666667
OK,OK,89.33333333333333
OK,OK,92.0
OK,OK,98.0
OK,OK,94.0
OK,OK,92.0
OK,OK,99.33333333333333
OK,OK,96.66666666666667
OK,OK,98.0
OK,OK,94.0
OK,OK,95.33333333333334
OK,OK,96.66666666666667
OK,OK,92.0
OK,OK,94.66666666666667
OK,OK,96.66666666666667
OK,OK,97.33333333333334
OK,OK,100.0
OK,OK,94.0
OK,OK,88.66666666666667
OK,OK,92.66666666666666
OK,OK,91.33333333333333
OK,OK,91.33333333333333
OK,OK,97.33333333333334
OK,OK,91.33333333333333
OK,OK,96.0
OK,OK,96.0
OK,OK,97.33333333333334
OK,OK,90.0
OK,OK,94.0
OK,OK,94.66666666666667
OK,OK,98.66666666666667
OK,OK,98.66666666666667
OK,OK,99.33333333333333
OK,OK,97.33333333333334
OK,OK,98.66666666666667
OK,OK,98.66666666666667
OK,OK,100.0
OK,OK,98.66666666666667
OK,OK,98.0
OK,OK,99.33333333333333
OK,OK,100.0
OK,OK,100.0
OK,OK,100.0
OK,OK,99.33333333333333
OK,OK,99.33333333333333
OK,OK,99.33333333333333
OK,OK,100.0
OK,OK,98.0
OK,OK,98.0
OK,OK,99.33333333333333
OK,OK,99.33333333333333
OK,OK,98.66666666666667
OK,OK,100.0
OK,OK,99.33333333333333
OK,OK,99.33333333333333
OK,OK,97.33333333333334
OK,OK,98.0
OK,OK,96.66666666666667
OK,OK,94.66666666666667
OK,OK,98.66666666666667
OK,OK,100.0
OK,OK,96.66666666666667
OK,OK,97.33333333333334
OK,OK,96.66666666666667
OK,OK,99.33333333333333
OK,OK,98.0
OK,OK,97.33333333333334
OK,OK,96.66666666666667
OK,OK,95.33333333333334
OK,OK,96.66666666666667
OK,OK,96.0
OK,OK,94.0
OK,OK,99.33333333333333
OK,OK,98.66666666666667
OK,OK,99.33333333333333
OK,OK,100.0
OK,OK,96.66666666666667
OK,OK,100.0
OK,OK,94.0
OK,OK,98.66666666666667
OK,OK,98.66666666666667
OK,OK,100.0
OK,OK,96.0
OK,OK,96.66666666666667
OK,OK,96.66666666666667
OK,OK,99.33333333333333
OK,OK,100.0
OK,OK,96.66666666666667
OK,OK,94.0
OK,OK,100.0
OK,OK,100.0
OK,OK,100.0
OK,OK,94.0
OK,OK,95.33333333333334
OK,OK,100.0
OK,OK,95.33333333333334
OK,OK,88.66666666666667
OK,OK,89.33333333333333
OK,OK,91.33333333333333
OK,OK,100.0
OK,OK,97.33333333333334
OK,OK,100.0
OK,OK,99.33333333333333
OK,OK,97.33333333333334
OK,OK,100.0
OK,OK,100.0
OK,OK,99.33333333333333
OK,OK,99.33333333333333
OK,OK,99.33333333333333
OK,OK,89.33333333333333
OK,OK,92.66666666666666
OK,OK,92.66666666666666
OK,OK,92.0
OK,OK,94.66666666666667
OK,OK,100.0
OK,OK,100.0
OK,OK,100.0
OK,OK,100.0
OK,OK,99.33333333333333
OK,OK,94.66666666666667
OK,OK,95.33333333333334
OK,OK,94.0
OK,OK,94.66666666666667
OK,OK,90.66666666666666
OK,OK,96.66666666666667
OK,OK,92.0
OK,OK,96.66666666666667
OK,OK,98.66666666666667
OK,OK,100.0
OK,OK,98.66666666666667
OK,OK,96.0
OK,OK,92.0
OK,OK,98.0
OK,OK,92.66666666666666
OK,OK,96.0
OK,OK,99.33333333333333
OK,OK,98.66666666666667
OK,OK,99.33333333333333
OK,OK,99.33333333333333
OK,OK,97.33333333333334
OK,OK,99.33333333333333
OK,OK,99.33333333333333
OK,OK,98.0
OK,OK,98.0
OK,OK,97.33333333333334
OK,OK,98.66666666666667
OK,OK,99.33333333333333
OK,OK,100.0
OK,OK,75.33333333333333
OK,OK,76.0
OK,OK,76.66666666666667
OK,OK,75.33333333333333
OK,OK,74.66666666666667
OK,OK,76.66666666666667
OK,OK,73.33333333333333
OK,OK,75.33333333333333
OK,OK,77.33333333333333
OK,OK,76.66666666666667
OK,OK,76.0
OK,OK,68.0
OK,OK,67.33333333333333
OK,OK,76.0
OK,OK,74.66666666666667
OK,OK,76.66666666666667
OK,OK,73.33333333333333
OK,OK,70.0
OK,OK,72.0
OK,OK,77.33333333333333
OK,OK,80.0
OK,OK,83.33333333333334
OK,OK,81.33333333333333
OK,OK,96.66666666666667
OK,OK,97.33333333333334
OK,OK,96.66666666666667
OK,OK,98.0
OK,OK,99.33333333333333
OK,OK,100.0
OK,OK,99.33333333333333
OK,OK,100.0
OK,OK,100.0
OK,OK,100.0
OK,OK,96.0
OK,OK,96.66666666666667
OK,OK,94.66666666666667
OK,OK,97.33333333333334
OK,OK,97.33333333333334
OK,OK,97.33333333333334
OK,OK,97.33333333333334
OK,OK,99.33333333333333
OK,OK,99.33333333333333
OK,OK,100.0
OK,OK,100.0
OK,OK,98.66666666666667
OK,OK,98.66666666666667
OK,OK,97.33333333333334
OK,OK,96.66666666666667
OK,OK,91.33333333333333
OK,OK,87.33333333333333
OK,OK,84.0
OK,OK,82.66666666666667
OK,OK,78.66666666666666
OK,OK,77.33333333333333
OK,OK,80.66666666666666
OK,OK,76.66666666666667
OK,OK,75.33333333333333
OK,OK,75.33333333333333
OK,OK,70.0
OK,OK,73.33333333333333
OK,OK,80.0
OK,OK,80.66666666666666
OK,OK,83.33333333333334
OK,OK,93.33333333333333
OK,OK,92.0
OK,OK,96.0
OK,OK,97.33333333333334
OK,OK,99.33333333333333
OK,OK,98.66666666666667
OK,OK,98.0
OK,OK,98.66666666666667
OK,OK,96.0
OK,OK,96.66666666666667
OK,OK,97.33333333333334
OK,OK,94.66666666666667
OK,OK,90.66666666666666
OK,OK,96.0
OK,OK,98.0
OK,OK,99.33333333333333
OK,OK,99.33333333333333
OK,OK,96.66666666666667
OK,OK,97.33333333333334
OK,OK,96.66666666666667
OK,OK,93.33333333333333
OK,OK,96.66666666666667
OK,OK,100.0
OK,OK,99.33333333333333
OK,OK,99.33333333333333
OK,OK,98.66666666666667
OK,OK,98.66666666666667
OK,OK,98.0
OK,OK,99.33333333333333
OK,OK,98.66666666666667
OK,OK,98.66666666666667
OK,OK,96.66666666666667
OK,OK,96.66666666666667
OK,OK,99.33333333333333
OK,OK,99.33333333333333
OK,OK,100.0
OK,OK,100.0
OK,OK,64.0
OK,OK,68.0
OK,OK,64.0
OK,OK,66.0
OK,OK,68.0
OK,OK,70.66666666666667
OK,OK,70.0
OK,OK,68.66666666666667
OK,OK,67.33333333333333
OK,OK,71.33333333333334
OK,OK,57.333333333333336
OK,OK,61.33333333333333
OK,OK,60.0
OK,OK,67.33333333333333
OK,OK,66.0
OK,OK,65.33333333333333
OK,OK,62.66666666666667
OK,OK,64.0
OK,OK,61.33333333333333
OK,OK,64.66666666666666
OK,OK,67.33333333333333
OK,OK,62.66666666666667
OK,OK,64.66666666666666
OK,OK,64.66666666666666
OK,OK,66.0
OK,OK,60.66666666666667
OK,OK,69.33333333333334
OK,OK,66.66666666666666
OK,OK,62.0
OK,OK,60.66666666666667
OK,OK,74.66666666666667
OK,OK,76.0
OK,OK,82.0
OK,OK,90.66666666666666
OK,OK,94.66666666666667
OK,OK,96.0
OK,OK,97.33333333333334
OK,OK,99.33333333333333
OK,OK,100.0
OK,OK,98.0
OK,OK,96.66666666666667
OK,OK,96.66666666666667
OK,OK,98.66666666666667
OK,OK,98.66666666666667
OK,OK,92.66666666666666
OK,OK,89.33333333333333
OK,OK,84.0
OK,OK,80.66666666666666
OK,OK,82.66666666666667
OK,OK,81.33333333333333
OK,OK,78.66666666666666
OK,OK,79.33333333333333
OK,OK,76.0
OK,OK,73.33333333333333
OK,OK,73.33333333333333
OK,OK,60.66666666666667
OK,OK,56.666666666666664
OK,OK,56.00000000000001
OK,OK,60.66666666666667
OK,OK,64.0
OK,OK,72.66666666666667
OK,OK,79.33333333333333
OK,OK,80.66666666666666
OK,OK,83.33333333333334
OK,OK,82.66666666666667
OK,OK,84.66666666666667
OK,OK,92.66666666666666
OK,OK,91.33333333333333
OK,OK,96.66666666666667
OK,OK,98.66666666666667
OK,OK,94.66666666666667
OK,OK,96.66666666666667
OK,OK,98.66666666666667
OK,OK,97.33333333333334
OK,OK,98.0
OK,OK,99.33333333333333
OK,OK,98.0
OK,OK,96.66666666666667
OK,OK,97.33333333333334
OK,OK,97.33333333333334
OK,OK,98.66666666666667
OK,OK,98.66666666666667
OK,OK,99.33333333333333
OK,OK,100.0
OK,OK,98.66666666666667
OK,OK,97.33333333333334
OK,OK,98.66666666666667
OK,OK,96.66666666666667
OK,OK,97.33333333333334
OK,OK,100.0
OK,OK,99.33333333333333
OK,OK,99.33333333333333
OK,OK,98.66666666666667
OK,OK,97.33333333333334
OK,OK,96.66666666666667
OK,OK,98.66666666666667
OK,OK,97.33333333333334
OK,OK,98.66666666666667
OK,OK,98.66666666666667
OK,OK,99.33333333333333
OK,OK,96.0
OK,OK,97.33333333333334
OK,OK,96.66666666666667
OK,OK,94.66666666666667
OK,OK,95.33333333333334
OK,OK,96.0
OK,OK,93.33333333333333
OK,OK,88.66666666666667
OK,OK,89.33333333333333
OK,OK,90.66666666666666
OK,OK,97.33333333333334
OK,OK,100.0
OK,OK,95.33333333333334
OK,OK,90.0
OK,OK,91.33333333333333
OK,OK,90.66666666666666
OK,OK,96.0
OK,OK,99.33333333333333
OK,OK,99.33333333333333
OK,OK,96.0
OK,OK,99.33333333333333
OK,OK,98.66666666666667
OK,OK,98.0
OK,OK,97.33333333333334
OK,OK,97.33333333333334
OK,OK,98.0
OK,OK,98.0
OK,OK,96.0
OK,OK,95.33333333333334
OK,OK,97.33333333333334
OK,OK,96.66666666666667
OK,OK,96.0
OK,OK,97.33333333333334
OK,OK,98.0
OK,OK,96.0
OK,OK,97.33333333333334
OK,OK,98.66666666666667
OK,OK,99.33333333333333
OK,OK,98.0
OK,OK,97.33333333333334
OK,OK,96.0
OK,OK,98.0
OK,OK,96.66666666666667
OK,OK,98.0
OK,OK,98.0
OK,OK,98.0
OK,OK,98.0
OK,OK,98.66666666666667
OK,OK,97.33333333333334
OK,OK,96.66666666666667
OK,OK,94.66666666666667
OK,OK,95.33333333333334
OK,OK,97.33333333333334
OK,OK,97.33333333333334
OK,OK,98.66666666666667
OK,OK,99.33333333333333
OK,OK,99.33333333333333
OK,OK,99.33333333333333
OK,OK,98.66666666666667
OK,OK,99.33333333333333
OK,OK,98.66666666666667
OK,OK,98.66666666666667
OK,OK,98.66666666666667
OK,OK,99.33333333333333
OK,OK,98.66666666666667
OK,OK,97.33333333333334
OK,OK,96.0
OK,OK,96.0
OK,OK,97.33333333333334
OK,OK,98.0
OK,OK,98.0
OK,OK,98.0
OK,OK,99.33333333333333
OK,OK,99.33333333333333
OK,OK,100.0
OK,OK,99.33333333333333
OK,OK,98.0
OK,OK,93.33333333333333
OK,OK,94.0
OK,OK,93.33333333333333
OK,OK,94.66666666666667
OK,OK,97.33333333333334
OK,OK,98.66666666666667
OK,OK,100.0
OK,OK,98.0
OK,OK,96.0
OK,OK,94.0
OK,OK,90.0
OK,OK,86.66666666666667
OK,OK,89.33333333333333
OK,OK,93.33333333333333
OK,OK,94.66666666666667
OK,OK,92.0
OK,OK,95.33333333333334
OK,OK,96.0
OK,OK,98.66666666666667
OK,OK,100.0
OK,OK,98.0
OK,OK,90.66666666666666
OK,OK,88.0
OK,OK,99.33333333333333
OK,OK,98.0
OK,OK,100.0
OK,OK,99.33333333333333
OK,OK,100.0
OK,OK,100.0
OK,OK,100.0
OK,OK,86.0
OK,OK,84.66666666666667
OK,OK,81.33333333333333
OK,OK,78.0
OK,OK,52.666666666666664
OK,OK,54.666666666666664
OK,OK,46.666666666666664
OK,OK,47.333333333333336
OK,OK,45.33333333333333
OK,OK,44.0
OK,OPEN PALM,42.66666666666667
OK,OPEN PALM,44.666666666666664
OK,OPEN PALM,42.0
OK,OPEN PALM,41.333333333333336
OK,OK,40.0
OK,OK,44.666666666666664
OK,OPEN PALM,48.66666666666667
OK,OK,80.0
OK,OK,88.66666666666667
OK,OK,95.33333333333334
OK,OK,98.66666666666667
OK,OK,93.33333333333333
OK,OK,100.0
OK,OK,100.0
OK,OK,100.0
OK,OK,100.0
OK,OK,100.0
OK,OK,98.66666666666667
OK,OK,98.66666666666667
OK,OK,99.33333333333333
OK,OK,100.0
OK,OK,100.0
OK,OK,100.0
OK,OK,100.0
OK,OK,100.0
OK,OK,100.0
OK,OK,98.0
OK,OK,99.33333333333333
OK,OK,98.66666666666667
OK,OK,100.0
OK,OK,96.0
OK,OK,100.0
OK,OK,98.66666666666667
OK,OK,98.0
OK,OK,98.66666666666667
OK,OK,96.0
OK,OK,94.66666666666667
OK,OK,94.66666666666667
OK,OK,97.33333333333334
OK,OK,95.33333333333334
OK,OK,97.33333333333334
OK,OK,97.33333333333334
OK,OK,90.0
OK,OK,93.33333333333333
OK,OK,94.0
OK,OK,90.0
OK,OK,90.66666666666666
OK,OK,92.66666666666666
OK,OK,91.33333333333333
OK,OK,92.66666666666666
OK,OK,94.0
OK,OK,93.33333333333333
OK,OK,96.66666666666667
OK,OK,91.33333333333333
OK,OK,92.66666666666666
OK,OK,95.33333333333334
OK,OK,89.33333333333333
OK,OK,90.0
OK,OK,88.66666666666667
OK,OK,90.0
OK,OK,90.0
OK,OK,90.0
OK,OK,92.66666666666666
OK,OK,94.66666666666667
OK,OK,94.0
OK,OK,92.0
OK,OK,89.33333333333333
OK,OK,86.0
OK,OK,93.33333333333333
OK,OK,91.33333333333333
OK,OK,93.33333333333333
OK,OK,90.66666666666666
OK,OK,92.66666666666666
OK,OK,90.66666666666666
OK,OK,90.0
OK,OK,90.66666666666666
OK,OK,87.33333333333333
OK,OK,88.0
OK,OK,88.0
OK,OK,89.33333333333333
OK,OK,88.66666666666667
OK,OK,85.33333333333334
OK,OK,89.33333333333333
OK,OK,95.33333333333334
OK,OK,96.0
OK,OK,98.0
OK,OK,98.66666666666667
OK,OK,99.33333333333333
OK,OK,99.33333333333333
OK,OK,96.66666666666667
OK,OK,84.66666666666667
OK,OK,83.33333333333334
OK,OK,84.66666666666667
OK,OK,85.33333333333334
OK,OK,84.66666666666667
OK,OK,86.0
OK,OK,92.66666666666666
OK,OK,91.33333333333333
OK,OK,90.66666666666666
OK,OK,92.66666666666666
OK,OK,93.33333333333333
OK,OK,93.33333333333333
OK,OK,88.0
OK,OK,94.66666666666667
OK,OK,96.0
OK,OK,96.66666666666667
OK,OK,99.33333333333333
OK,OK,98.66666666666667
OK,OK,99.33333333333333
OK,OK,99.33333333333333
OK,OK,97.33333333333334
OK,OK,98.66666666666667
OK,OK,98.66666666666667
OK,OK,98.66666666666667
OK,OK,98.66666666666667
OK,OK,98.66666666666667
OK,OK,94.0
OK,OK,93.33333333333333
OK,OK,98.66666666666667
OK,OK,98.66666666666667
OK,OK,99.33333333333333
OK,OK,90.66666666666666
OK,OK,94.0
OK,OK,94.66666666666667
OK,OK,92.66666666666666
OK,OK,93.33333333333333
OK,OK,91.33333333333333
OK,OK,91.33333333333333
OK,OK,93.33333333333333
OK,OK,92.66666666666666
OK,OK,93.33333333333333
OK,OK,94.0
OK,OK,93.33333333333333
OK,OK,95.33333333333334
OK,OK,95.33333333333334
OK,OK,96.66666666666667
OK,OK,96.0
OK,OK,100.0
OK,OK,96.0
OK,OK,98.0
OK,OK,98.66666666666667
OK,OK,98.66666666666667
OK,OK,99.33333333333333
OK,OK,99.33333333333333
OK,OK,91.33333333333333
OK,OK,95.33333333333334
OK,OK,94.0
OK,OK,93.33333333333333
OK,OK,96.66666666666667
OK,OK,96.66666666666667
OK,OK,96.0
OK,OK,98.0
OK,OK,98.0
OK,OK,98.0
OK,OK,98.66666666666667
OK,OK,98.0
OK,OK,97.33333333333334
OK,OK,96.0
OK,OK,98.66666666666667
OK,OK,100.0
OK,OK,95.33333333333334
OK,OK,95.33333333333334
OK,OK,97.33333333333334
OK,OK,93.33333333333333
OK,OK,80.0
OK,OK,86.0
OK,OK,86.66666666666667
OK,OK,83.33333333333334
OK,OK,84.0
OK,OK,81.33333333333333
OK,OK,84.0
OK,OK,93.33333333333333
OK,OK,97.33333333333334
OK,OK,95.33333333333334
OK,OK,98.0
OK,OK,100.0
OK,OK,98.66666666666667
OK,OK,97.33333333333334
OK,OK,94.66666666666667
OK,OK,87.33333333333333
OK,OK,88.0
OK,OK,90.66666666666666
OK,OK,94.0
OK,OK,99.33333333333333
OK,OK,98.0
OK,OK,96.66666666666667
OK,OK,98.0
OK,OK,99.33333333333333
OK,OK,92.66666666666666
OK,OK,93.33333333333333
OK,OK,92.66666666666666
OK,OK,92.66666666666666
OK,OK,96.66666666666667
OK,OK,97.33333333333334
OK,OK,97.33333333333334
OK,OK,96.66666666666667
OK,OK,97.33333333333334
OK,OK,96.66666666666667
OK,OK,96.66666666666667
OK,OK,98.66666666666667
OK,OK,100.0
OK,OK,99.33333333333333
OK,OK,100.0
OK,OK,99.33333333333333
OK,OK,98.0
OK,OK,99.33333333333333
OK,OK,98.0
OK,OK,98.66666666666667
OK,OK,100.0
OK,OK,97.33333333333334
OK,OK,98.66666666666667
OK,OK,99.33333333333333
OK,OK,98.0
OK,OK,98.66666666666667
OK,OK,93.33333333333333
OK,OK,98.0
OK,OK,90.0
OK,OK,92.0
OK,OK,86.0
OK,OK,87.33333333333333
OK,OK,96.66666666666667
OK,OK,100.0
OK,OK,99.33333333333333
OK,OK,100.0
OK,OK,100.0
OK,OK,92.66666666666666
OK,OK,94.0
OK,OK,90.66666666666666
OK,OK,82.0
OK,OK,83.33333333333334
OK,OK,94.66666666666667
OK,OK,98.0
OK,OK,100.0
OK,OK,98.66666666666667
OK,OK,98.66666666666667
OK,OK,98.66666666666667
OK,OK,99.33333333333333
OK,OK,99.33333333333333
OK,OK,98.66666666666667
OK,OK,98.0
OK,OK,99.33333333333333
OK,OK,93.33333333333333
OK,OK,98.0
OK,OK,97.33333333333334
OK,OK,97.33333333333334
OK,OK,98.0
OK,OK,99.33333333333333
OK,OK,98.0
OK,OK,99.33333333333333
OK,OK,96.66666666666667
OK,OK,99.33333333333333
OK,OK,100.0
OK,OK,98.66666666666667
OK,OK,99.33333333333333
OK,OK,97.33333333333334
OK,OK,98.0
OK,OK,98.0
OK,OK,98.66666666666667
OK,OK,98.66666666666667
OK,OK,100.0
OK,OK,100.0
OK,OK,100.0
OK,OK,99.33333333333333
OK,OK,98.66666666666667
OK,OK,100.0
OK,OK,99.33333333333333
OK,OK,99.33333333333333
OK,OK,99.33333333333333
OK,OK,100.0
OK,OK,100.0
OK,OK,98.0
OK,OK,99.33333333333333
OK,OK,96.66666666666667
OK,OK,98.66666666666667
OK,OK,96.0
OK,OK,96.0
OK,OK,87.33333333333333
OK,OK,92.0
OK,OK,84.66666666666667
OK,OK,88.0
OK,OK,89.33333333333333
OK,OK,89.33333333333333
OK,OK,90.0
OK,OK,99.33333333333333
OK,OK,100.0
OK,OK,100.0
OK,OK,96.66666666666667
OK,OK,97.33333333333334
OK,OK,96.0
OK,OK,93.33333333333333
OK,OK,92.66666666666666
OK,OK,92.0
OK,OK,84.0
OK,OK,57.333333333333336
OK,OK,57.99999999999999
OK,OK,57.99999999999999
OK,OK,59.333333333333336
OK,OK,58.666666666666664
OK,OK,90.66666666666666
OK,OK,93.33333333333333
OK,OK,92.0
OK,OK,95.33333333333334
OK,OK,96.0
OK,OK,98.66666666666667
OK,OK,98.66666666666667
OK,OK,93.33333333333333
OK,OK,93.33333333333333
OK,OK,92.66666666666666
OK,OK,98.66666666666667
OK,OK,99.33333333333333
OK,OK,99.33333333333333
OK,OK,98.0
OK,OK,98.0
OK,OK,97.33333333333334
OK,OK,98.0
OK,OK,97.33333333333334
OK,OK,97.33333333333334
OK,OK,96.66666666666667
OK,OK,95.33333333333334
OK,OK,94.0
OK,OK,96.0
OK,OK,94.66666666666667
OK,OK,94.0
OK,OK,98.0
OK,OK,99.33333333333333
OK,OK,98.66666666666667
OK,OK,98.66666666666667
OK,OK,96.66666666666667
OK,OK,98.66666666666667
OK,OK,98.66666666666667
OK,OK,99.33333333333333
OK,OK,99.33333333333333
OK,OK,100.0
OK,OK,100.0
OK,OK,98.66666666666667
OK,OK,100.0
OK,OK,99.33333333333333
OK,OK,97.33333333333334
OK,OK,100.0
OK,OK,100.0
OK,OK,99.33333333333333
OK,OK,99.33333333333333
OK,OK,99.33333333333333
OK,OK,99.33333333333333
OK,OK,99.33333333333333
OK,OK,99.33333333333333
OK,OK,99.33333333333333
OK,OK,99.33333333333333
OK,OK,97.33333333333334
OK,OK,96.66666666666667
OK,OK,96.0
OK,OK,98.0
OK,OK,95.33333333333334
OK,OK,92.0
OK,OK,97.33333333333334
OK,OK,96.0
OK,OK,93.33333333333333
OK,OK,95.33333333333334
OK,OK,98.66666666666667
OK,OK,99.33333333333333
OK,OK,100.0
OK,OK,100.0
OK,OK,100.0
OK,OK,98.0
OK,OK,98.66666666666667
OK,OK,98.0
OK,OK,99.33333333333333
OK,OK,98.0
OK,OK,92.66666666666666
OK,OK,92.66666666666666
OK,OK,95.33333333333334
OK,OK,97.33333333333334
OK,OK,98.0
OK,OK,99.33333333333333
OK,OK,100.0
OK,OK,98.66666666666667
OK,OK,99.33333333333333
OK,OK,99.33333333333333
OK,OK,99.33333333333333
OK,OK,100.0
OK,OK,100.0
OK,OK,100.0
OK,OK,98.66666666666667
SPIDER,SPIDER,82.66666666666667
SPIDER,SPIDER,85.33333333333334
SPIDER,SPIDER,86.66666666666667
SPIDER,SPIDER,88.0
SPIDER,SPIDER,90.66666666666666
SPIDER,SPIDER,86.0
SPIDER,SPIDER,88.66666666666667
SPIDER,SPIDER,88.0
SPIDER,SPIDER,88.66666666666667
SPIDER,SPIDER,88.66666666666667
SPIDER,SPIDER,87.33333333333333
SPIDER,SPIDER,86.66666666666667
SPIDER,SPIDER,88.66666666666667
SPIDER,SPIDER,88.66666666666667
SPIDER,SPIDER,89.33333333333333
SPIDER,SPIDER,89.33333333333333
SPIDER,SPIDER,87.33333333333333
SPIDER,SPIDER,88.66666666666667
SPIDER,SPIDER,89.33333333333333
SPIDER,SPIDER,86.66666666666667
SPIDER,SPIDER,88.0
SPIDER,SPIDER,88.0
SPIDER,SPIDER,86.0
SPIDER,SPIDER,89.33333333333333
SPIDER,SPIDER,90.66666666666666
SPIDER,SPIDER,88.66666666666667
SPIDER,SPIDER,90.66666666666666
SPIDER,SPIDER,90.66666666666666
SPIDER,SPIDER,90.66666666666666
SPIDER,SPIDER,88.66666666666667
SPIDER,SPIDER,91.33333333333333
SPIDER,SPIDER,92.0
SPIDER,SPIDER,92.0
SPIDER,SPIDER,90.66666666666666
SPIDER,SPIDER,91.33333333333333
SPIDER,SPIDER,94.0
SPIDER,SPIDER,90.0
SPIDER,SPIDER,95.33333333333334
SPIDER,SPIDER,89.33333333333333
SPIDER,SPIDER,92.0
SPIDER,SPIDER,93.33333333333333
SPIDER,SPIDER,88.0
SPIDER,SPIDER,89.33333333333333
SPIDER,SPIDER,92.66666666666666
SPIDER,SPIDER,91.33333333333333
SPIDER,SPIDER,92.66666666666666
SPIDER,SPIDER,89.33333333333333
SPIDER,SPIDER,92.0
SPIDER,SPIDER,91.33333333333333
SPIDER,SPIDER,92.66666666666666
SPIDER,SPIDER,90.0
SPIDER,SPIDER,93.33333333333333
SPIDER,SPIDER,84.66666666666667
SPIDER,SPIDER,88.0
SPIDER,SPIDER,84.66666666666667
SPIDER,SPIDER,81.33333333333333
SPIDER,SPIDER,81.33333333333333
SPIDER,SPIDER,80.0
SPIDER,SPIDER,83.33333333333334
SPIDER,SPIDER,90.0
SPIDER,SPIDER,87.33333333333333
SPIDER,SPIDER,89.33333333333333
SPIDER,SPIDER,88.66666666666667
SPIDER,SPIDER,90.66666666666666
SPIDER,SPIDER,91.33333333333333
SPIDER,SPIDER,84.66666666666667
SPIDER,SPIDER,81.33333333333333
SPIDER,SPIDER,66.66666666666666
SPIDER,SPIDER,76.66666666666667
SPIDER,SPIDER,77.33333333333333
SPIDER,SPIDER,82.66666666666667
SPIDER,SPIDER,84.0
SPIDER,SPIDER,83.33333333333334
SPIDER,SPIDER,79.33333333333333
SPIDER,SPIDER,77.33333333333333
SPIDER,SPIDER,70.66666666666667
SPIDER,SPIDER,76.66666666666667
SPIDER,SPIDER,73.33333333333333
SPIDER,SPIDER,71.33333333333334
SPIDER,SPIDER,77.33333333333333
SPIDER,SPIDER,80.0
SPIDER,SPIDER,75.33333333333333
SPIDER,SPIDER,74.0
SPIDER,SPIDER,72.0
SPIDER,SPIDER,84.0
SPIDER,SPIDER,86.0
SPIDER,SPIDER,86.0
SPIDER,SPIDER,90.66666666666666
SPIDER,SPIDER,88.66666666666667
SPIDER,SPIDER,70.0
SPIDER,SPIDER,82.66666666666667
SPIDER,SPIDER,84.66666666666667
SPIDER,SPIDER,90.0
SPIDER,SPIDER,91.33333333333333
SPIDER,SPIDER,88.66666666666667
SPIDER,SPIDER,83.33333333333334
SPIDER,SPIDER,86.66666666666667
SPIDER,SPIDER,84.66666666666667
SPIDER,SPIDER,84.0
SPIDER,SPIDER,89.33333333333333
SPIDER,SPIDER,91.33333333333333
SPIDER,SPIDER,92.66666666666666
SPIDER,SPIDER,88.66666666666667
SPIDER,SPIDER,94.66666666666667
SPIDER,SPIDER,92.66666666666666
SPIDER,SPIDER,93.33333333333333
SPIDER,SPIDER,89.33333333333333
SPIDER,SPIDER,88.66666666666667
SPIDER,SPIDER,90.0
SPIDER,SPIDER,87.33333333333333
SPIDER,SPIDER,78.0
SPIDER,SPIDER,85.33333333333334
SPIDER,SPIDER,87.33333333333333
SPIDER,SPIDER,88.66666666666667
SPIDER,SPIDER,87.33333333333333
SPIDER,SPIDER,90.0
SPIDER,SPIDER,93.33333333333333
SPIDER,SPIDER,83.33333333333334
SPIDER,SPIDER,92.66666666666666
SPIDER,SPIDER,94.66666666666667
SPIDER,SPIDER,96.0
SPIDER,SPIDER,92.66666666666666
SPIDER,SPIDER,82.0
SPIDER,SPIDER,79.33333333333333
SPIDER,SPIDER,72.0
SPIDER,SPIDER,73.33333333333333
SPIDER,SPIDER,72.0
SPIDER,SPIDER,49.333333333333336
SPIDER,ROCK,42.66666666666667
SPIDER,ROCK,46.0
SPIDER,SPIDER,44.666666666666664
SPIDER,ROCK,44.0
SPIDER,ROCK,52.0
SPIDER,ROCK,57.333333333333336
SPIDER,ROCK,59.333333333333336
SPIDER,ROCK,53.333333333333336
SPIDER,ROCK,58.666666666666664
SPIDER,ROCK,48.66666666666667
SPIDER,SPIDER,59.333333333333336
SPIDER,SPIDER,67.33333333333333
SPIDER,SPIDER,65.33333333333333
SPIDER,SPIDER,72.0
SPIDER,SPIDER,79.33333333333333
SPIDER,SPIDER,82.0
SPIDER,SPIDER,84.0
SPIDER,SPIDER,91.33333333333333
SPIDER,SPIDER,89.33333333333333
SPIDER,SPIDER,90.66666666666666
SPIDER,SPIDER,89.33333333333333
SPIDER,SPIDER,90.0
SPIDER,SPIDER,89.33333333333333
SPIDER,SPIDER,88.66666666666667
SPIDER,SPIDER,89.33333333333333
SPIDER,SPIDER,89.33333333333333
SPIDER,SPIDER,90.66666666666666
SPIDER,SPIDER,88.0
SPIDER,SPIDER,89.33333333333333
SPIDER,SPIDER,88.0
SPIDER,SPIDER,88.0
SPIDER,SPIDER,88.0
SPIDER,SPIDER,87.33333333333333
SPIDER,SPIDER,88.66666666666667
SPIDER,SPIDER,88.66666666666667
SPIDER,SPIDER,89.33333333333333
SPIDER,SPIDER,88.66666666666667
SPIDER,SPIDER,90.0
SPIDER,SPIDER,90.0
SPIDER,SPIDER,92.66666666666666
SPIDER,SPIDER,92.66666666666666
SPIDER,SPIDER,96.0
SPIDER,SPIDER,97.33333333333334
SPIDER,SPIDER,96.66666666666667
SPIDER,SPIDER,98.0
SPIDER,SPIDER,98.0
SPIDER,SPIDER,95.33333333333334
SPIDER,SPIDER,94.66666666666667
SPIDER,SPIDER,92.66666666666666
SPIDER,SPIDER,90.66666666666666
SPIDER,SPIDER,92.0
SPIDER,SPIDER,91.33333333333333
SPIDER,SPIDER,93.33333333333333
SPIDER,SPIDER,94.66666666666667
SPIDER,SPIDER,92.0
SPIDER,SPIDER,88.0
SPIDER,SPIDER,92.0
SPIDER,SPIDER,90.66666666666666
SPIDER,SPIDER,89.33333333333333
SPIDER,SPIDER,87.33333333333333
SPIDER,SPIDER,92.66666666666666
SPIDER,SPIDER,92.0
SPIDER,SPIDER,96.0
SPIDER,SPIDER,90.0
SPIDER,SPIDER,93.33333333333333
SPIDER,SPIDER,93.33333333333333
SPIDER,SPIDER,90.66666666666666
SPIDER,SPIDER,91.33333333333333
SPIDER,SPIDER,92.66666666666666
SPIDER,SPIDER,89.33333333333333
SPIDER,SPIDER,85.33333333333334
SPIDER,SPIDER,80.66666666666666
SPIDER,SPIDER,94.0
SPIDER,SPIDER,94.0
SPIDER,SPIDER,94.66666666666667
SPIDER,SPIDER,95.33333333333334
SPIDER,SPIDER,94.0
SPIDER,SPIDER,94.0
SPIDER,SPIDER,94.66666666666667
SPIDER,SPIDER,91.33333333333333
SPIDER,SPIDER,88.66666666666667
SPIDER,SPIDER,90.0
SPIDER,SPIDER,89.33333333333333
SPIDER,SPIDER,90.0
SPIDER,SPIDER,90.66666666666666
SPIDER,SPIDER,87.33333333333333
SPIDER,SPIDER,84.66666666666667
SPIDER,SPIDER,84.66666666666667
SPIDER,SPIDER,84.0
SPIDER,SPIDER,83.33333333333334
SPIDER,SPIDER,84.66666666666667
SPIDER,SPIDER,85.33333333333334
SPIDER,SPIDER,70.0
SPIDER,SPIDER,66.66666666666666
SPIDER,SPIDER,66.66666666666666
SPIDER,SPIDER,70.66666666666667
SPIDER,SPIDER,68.66666666666667
SPIDER,SPIDER,84.66666666666667
SPIDER,SPIDER,88.66666666666667
SPIDER,SPIDER,93.33333333333333
SPIDER,SPIDER,96.66666666666667
SPIDER,SPIDER,95.33333333333334
SPIDER,SPIDER,98.0
SPIDER,SPIDER,98.0
SPIDER,SPIDER,98.66666666666667
SPIDER,SPIDER,97.33333333333334
SPIDER,SPIDER,96.66666666666667
SPIDER,SPIDER,96.66666666666667
SPIDER,SPIDER,92.0
SPIDER,SPIDER,91.33333333333333
SPIDER,SPIDER,90.66666666666666
SPIDER,SPIDER,92.0
SPIDER,SPIDER,100.0
SPIDER,SPIDER,96.0
SPIDER,SPIDER,98.66666666666667
SPIDER,SPIDER,100.0
SPIDER,SPIDER,99.33333333333333
SPIDER,SPIDER,93.33333333333333
SPIDER,SPIDER,96.0
SPIDER,SPIDER,84.66666666666667
SPIDER,SPIDER,89.33333333333333
SPIDER,SPIDER,66.0
SPIDER,SPIDER,71.33333333333334
SPIDER,SPIDER,68.66666666666667
SPIDER,SPIDER,78.0
SPIDER,SPIDER,72.66666666666667
SPIDER,SPIDER,72.0
SPIDER,SPIDER,66.66666666666666
SPIDER,SPIDER,65.33333333333333
SPIDER,SPIDER,65.33333333333333
SPIDER,SPIDER,67.33333333333333
SPIDER,SPIDER,72.0
SPIDER,SPIDER,64.66666666666666
SPIDER,SPIDER,76.66666666666667
SPIDER,SPIDER,68.66666666666667
SPIDER,SPIDER,72.0
SPIDER,SPIDER,72.0
SPIDER,SPIDER,74.0
SPIDER,SPIDER,67.33333333333333
SPIDER,SPIDER,69.33333333333334
SPIDER,SPIDER,64.66666666666666
SPIDER,SPIDER,61.33333333333333
SPIDER,SPIDER,76.66666666666667
SPIDER,SPIDER,88.66666666666667
SPIDER,SPIDER,94.66666666666667
SPIDER,SPIDER,86.0
SPIDER,SPIDER,83.33333333333334
SPIDER,SPIDER,78.0
SPIDER,SPIDER,85.33333333333334
SPIDER,SPIDER,82.66666666666667
SPIDER,SPIDER,91.33333333333333
SPIDER,SPIDER,90.66666666666666
SPIDER,SPIDER,94.66666666666667
SPIDER,SPIDER,77.33333333333333
SPIDER,SPIDER,77.33333333333333
SPIDER,SPIDER,70.0
SPIDER,SPIDER,87.33333333333333
SPIDER,SPIDER,80.0
SPIDER,SPIDER,72.66666666666667
SPIDER,SPIDER,84.66666666666667
SPIDER,SPIDER,80.66666666666666
SPIDER,SPIDER,94.0
SPIDER,SPIDER,99.33333333333333
SPIDER,SPIDER,94.66666666666667
SPIDER,SPIDER,92.0
SPIDER,SPIDER,91.33333333333333
SPIDER,SPIDER,92.0
SPIDER,SPIDER,93.33333333333333
SPIDER,SPIDER,97.33333333333334
SPIDER,SPIDER,95.33333333333334
SPIDER,SPIDER,82.66666666666667
SPIDER,SPIDER,74.66666666666667
SPIDER,SPIDER,72.66666666666667
SPIDER,SPIDER,75.33333333333333
SPIDER,SPIDER,78.66666666666666
SPIDER,SPIDER,80.0
SPIDER,SPIDER,78.66666666666666
SPIDER,SPIDER,92.0
SPIDER,SPIDER,98.0
SPIDER,SPIDER,96.66666666666667
SPIDER,SPIDER,94.0
SPIDER,SPIDER,92.0
SPIDER,SPIDER,73.33333333333333
SPIDER,SPIDER,86.66666666666667
SPIDER,SPIDER,90.66666666666666
SPIDER,SPIDER,95.33333333333334
SPIDER,SPIDER,95.33333333333334
SPIDER,SPIDER,98.0
SPIDER,SPIDER,94.66666666666667
SPIDER,SPIDER,95.33333333333334
SPIDER,SPIDER,98.0
SPIDER,SPIDER,100.0
SPIDER,SPIDER,98.66666666666667
SPIDER,SPIDER,85.33333333333334
SPIDER,SPIDER,83.33333333333334
SPIDER,SPIDER,75.33333333333333
SPIDER,SPIDER,73.33333333333333
SPIDER,SPIDER,71.33333333333334
SPIDER,SPIDER,70.0
SPIDER,SPIDER,64.0
SPIDER,SPIDER,59.333333333333336
SPIDER,SPIDER,50.0
SPIDER,SPIDER,45.33333333333333
SPIDER,SPIDER,44.0
SPIDER,ROCK,43.333333333333336
SPIDER,ROCK,71.33333333333334
SPIDER,ROCK,74.0
SPIDER,ROCK,74.0
SPIDER,ROCK,73.33333333333333
SPIDER,ROCK,71.33333333333334
SPIDER,ROCK,60.66666666666667
SPIDER,ROCK,44.666666666666664
SPIDER,SPIDER,44.666666666666664
SPIDER,SPIDER,66.0
SPIDER,SPIDER,72.66666666666667
SPIDER,SPIDER,84.0
SPIDER,SPIDER,92.66666666666666
SPIDER,SPIDER,93.33333333333333
SPIDER,SPIDER,97.33333333333334
SPIDER,SPIDER,98.66666666666667
SPIDER,SPIDER,99.33333333333333
SPIDER,SPIDER,99.33333333333333
SPIDER,SPIDER,98.66666666666667
SPIDER,SPIDER,98.0
SPIDER,SPIDER,96.0
SPIDER,SPIDER,97.33333333333334
SPIDER,SPIDER,97.33333333333334
SPIDER,SPIDER,97.33333333333334
SPIDER,SPIDER,97.33333333333334
SPIDER,SPIDER,96.0
SPIDER,SPIDER,87.33333333333333
SPIDER,SPIDER,76.66666666666667
SPIDER,SPIDER,71.33333333333334
SPIDER,SPIDER,68.0
SPIDER,SPIDER,70.0
SPIDER,SPIDER,64.0
SPIDER,SPIDER,70.0
SPIDER,SPIDER,69.33333333333334
SPIDER,SPIDER,66.0
SPIDER,SPIDER,65.33333333333333
SPIDER,SPIDER,64.0
SPIDER,SPIDER,62.0
SPIDER,SPIDER,65.33333333333333
SPIDER,SPIDER,57.333333333333336
SPIDER,SPIDER,57.333333333333336
SPIDER,SPIDER,50.0
SPIDER,SPIDER,50.66666666666667
SPIDER,SPIDER,51.33333333333333
SPIDER,SPIDER,48.0
SPIDER,SPIDER,46.0
SPIDER,ROCK,48.0
SPIDER,ROCK,52.666666666666664
SPIDER,ROCK,55.333333333333336
SPIDER,ROCK,55.333333333333336
SPIDER,ROCK,54.666666666666664
SPIDER,ROCK,54.0
SPIDER,ROCK,55.333333333333336
SPIDER,ROCK,61.33333333333333
SPIDER,ROCK,54.666666666666664
SPIDER,ROCK,56.00000000000001
SPIDER,ROCK,52.666666666666664
SPIDER,ROCK,46.666666666666664
SPIDER,SPIDER,74.66666666666667
SPIDER,SPIDER,84.66666666666667
SPIDER,SPIDER,80.66666666666666
SPIDER,SPIDER,94.66666666666667
SPIDER,SPIDER,95.33333333333334
SPIDER,SPIDER,94.66666666666667
SPIDER,SPIDER,94.0
SPIDER,SPIDER,92.66666666666666
SPIDER,SPIDER,93.33333333333333
SPIDER,SPIDER,94.0
SPIDER,SPIDER,67.33333333333333
SPIDER,SPIDER,78.0
SPIDER,SPIDER,82.66666666666667
SPIDER,SPIDER,72.0
SPIDER,SPIDER,74.66666666666667
SPIDER,SPIDER,69.33333333333334
SPIDER,SPIDER,85.33333333333334
SPIDER,SPIDER,88.66666666666667
SPIDER,SPIDER,85.33333333333334
SPIDER,SPIDER,84.0
SPIDER,SPIDER,87.33333333333333
SPIDER,SPIDER,81.33333333333333
SPIDER,SPIDER,91.33333333333333
SPIDER,SPIDER,92.66666666666666
SPIDER,SPIDER,94.66666666666667
SPIDER,SPIDER,94.0
SPIDER,SPIDER,87.33333333333333
SPIDER,SPIDER,83.33333333333334
SPIDER,SPIDER,80.0
SPIDER,SPIDER,79.33333333333333
SPIDER,SPIDER,78.0
SPIDER,SPIDER,77.33333333333333
SPIDER,SPIDER,74.66666666666667
SPIDER,SPIDER,77.33333333333333
SPIDER,SPIDER,74.0
SPIDER,SPIDER,71.33333333333334
SPIDER,SPIDER,70.66666666666667
SPIDER,SPIDER,70.66666666666667
SPIDER,SPIDER,62.0
SPIDER,SPIDER,70.66666666666667
SPIDER,SPIDER,65.33333333333333
SPIDER,SPIDER,71.33333333333334
SPIDER,SPIDER,73.33333333333333
SPIDER,SPIDER,76.0
SPIDER,SPIDER,74.0
SPIDER,SPIDER,72.66666666666667
SPIDER,SPIDER,76.66666666666667
SPIDER,SPIDER,74.0
SPIDER,SPIDER,74.66666666666667
SPIDER,SPIDER,76.0
SPIDER,SPIDER,77.33333333333333
SPIDER,SPIDER,78.66666666666666
SPIDER,SPIDER,80.66666666666666
SPIDER,SPIDER,80.66666666666666
SPIDER,SPIDER,88.66666666666667
SPIDER,SPIDER,84.66666666666667
SPIDER,SPIDER,90.0
SPIDER,SPIDER,77.33333333333333
SPIDER,SPIDER,93.33333333333333
SPIDER,SPIDER,96.66666666666667
SPIDER,SPIDER,90.0
SPIDER,SPIDER,77.33333333333333
SPIDER,SPIDER,55.333333333333336
SPIDER,SPIDER,51.33333333333333
SPIDER,SPIDER,49.333333333333336
SPIDER,ROCK,44.666666666666664
SPIDER,ROCK,45.33333333333333
SPIDER,SPIDER,45.33333333333333
SPIDER,ROCK,44.0
SPIDER,SPIDER,63.33333333333333
SPIDER,SPIDER,73.33333333333333
SPIDER,SPIDER,87.33333333333333
SPIDER,SPIDER,90.66666666666666
SPIDER,SPIDER,95.33333333333334
SPIDER,SPIDER,99.33333333333333
SPIDER,SPIDER,98.66666666666667
SPIDER,SPIDER,95.33333333333334
SPIDER,SPIDER,97.33333333333334
SPIDER,SPIDER,89.33333333333333
SPIDER,SPIDER,93.33333333333333
SPIDER,SPIDER,97.33333333333334
SPIDER,SPIDER,92.66666666666666
SPIDER,SPIDER,88.66666666666667
SPIDER,SPIDER,85.33333333333334
SPIDER,SPIDER,70.66666666666667
SPIDER,SPIDER,82.0
SPIDER,SPIDER,89.33333333333333
SPIDER,SPIDER,90.0
SPIDER,SPIDER,89.33333333333333
SPIDER,SPIDER,88.0
SPIDER,SPIDER,78.66666666666666
SPIDER,SPIDER,93.33333333333333
SPIDER,SPIDER,96.0
SPIDER,SPIDER,98.0
SPIDER,SPIDER,71.33333333333334
SPIDER,SPIDER,68.66666666666667
SPIDER,SPIDER,62.66666666666667
SPIDER,SPIDER,59.333333333333336
SPIDER,SPIDER,55.333333333333336
SPIDER,SPIDER,53.333333333333336
SPIDER,SPIDER,50.66666666666667
SPIDER,SPIDER,56.666666666666664
SPIDER,SPIDER,72.66666666666667
SPIDER,SPIDER,86.0
SPIDER,SPIDER,98.66666666666667
SPIDER,SPIDER,78.0
SPIDER,SPIDER,80.0
SPIDER,SPIDER,71.33333333333334
SPIDER,SPIDER,80.0
SPIDER,SPIDER,87.33333333333333
SPIDER,SPIDER,97.33333333333334
SPIDER,SPIDER,97.33333333333334
SPIDER,SPIDER,98.66666666666667
SPIDER,SPIDER,97.33333333333334
SPIDER,SPIDER,98.66666666666667
SPIDER,SPIDER,98.0
SPIDER,SPIDER,98.0
SPIDER,SPIDER,98.0
SPIDER,SPIDER,98.66666666666667
SPIDER,SPIDER,99.33333333333333
SPIDER,SPIDER,99.33333333333333
SPIDER,SPIDER,98.0
SPIDER,SPIDER,97.33333333333334
SPIDER,SPIDER,94.0
SPIDER,SPIDER,98.0
SPIDER,SPIDER,98.66666666666667
SPIDER,SPIDER,96.66666666666667
SPIDER,SPIDER,96.66666666666667
SPIDER,SPIDER,93.33333333333333
SPIDER,SPIDER,96.66666666666667
SPIDER,SPIDER,92.66666666666666
SPIDER,SPIDER,86.0
SPIDER,SPIDER,86.66666666666667
SPIDER,SPIDER,92.66666666666666
SPIDER,SPIDER,81.33333333333333
SPIDER,SPIDER,86.66666666666667
SPIDER,SPIDER,90.0
SPIDER,SPIDER,89.33333333333333
SPIDER,SPIDER,83.33333333333334
SPIDER,SPIDER,90.0
SPIDER,SPIDER,80.0
SPIDER,SPIDER,64.0
SPIDER,SPIDER,96.0
SPIDER,SPIDER,94.66666666666667
SPIDER,SPIDER,90.66666666666666
SPIDER,SPIDER,98.0
SPIDER,SPIDER,98.0
SPIDER,SPIDER,99.33333333333333
SPIDER,SPIDER,98.66666666666667
SPIDER,SPIDER,98.66666666666667
SPIDER,SPIDER,94.0
SPIDER,SPIDER,94.66666666666667
SPIDER,SPIDER,92.0
SPIDER,SPIDER,97.33333333333334
SPIDER,SPIDER,96.66666666666667
SPIDER,SPIDER,96.66666666666667
SPIDER,SPIDER,96.0
SPIDER,SPIDER,99.33333333333333
SPIDER,SPIDER,96.66666666666667
SPIDER,SPIDER,99.33333333333333
SPIDER,SPIDER,99.33333333333333
SPIDER,SPIDER,100.0
SPIDER,SPIDER,100.0
SPIDER,SPIDER,93.33333333333333
SPIDER,SPIDER,94.0
SPIDER,SPIDER,90.0
SPIDER,SPIDER,88.66666666666667
SPIDER,SPIDER,98.0
SPIDER,SPIDER,99.33333333333333
SPIDER,SPIDER,99.33333333333333
SPIDER,SPIDER,99.33333333333333
SPIDER,SPIDER,100.0
SPIDER,SPIDER,97.33333333333334
SPIDER,SPIDER,100.0
SPIDER,SPIDER,100.0
SPIDER,SPIDER,99.33333333333333
SPIDER,SPIDER,98.66666666666667
SPIDER,SPIDER,98.0
SPIDER,SPIDER,97.33333333333334
SPIDER,SPIDER,99.33333333333333
SPIDER,SPIDER,98.66666666666667
SPIDER,SPIDER,97.33333333333334
SPIDER,SPIDER,99.33333333333333
SPIDER,SPIDER,98.66666666666667
SPIDER,SPIDER,92.0
SPIDER,SPIDER,93.33333333333333
SPIDER,SPIDER,97.33333333333334
SPIDER,SPIDER,92.66666666666666
SPIDER,SPIDER,98.0
SPIDER,SPIDER,94.66666666666667
SPIDER,SPIDER,98.66666666666667
SPIDER,SPIDER,98.66666666666667
SPIDER,SPIDER,98.0
SPIDER,SPIDER,98.66666666666667
SPIDER,SPIDER,99.33333333333333
SPIDER,SPIDER,92.0
SPIDER,SPIDER,99.33333333333333
SPIDER,SPIDER,96.66666666666667
SPIDER,SPIDER,90.66666666666666
SPIDER,SPIDER,86.0
SPIDER,SPIDER,100.0
SPIDER,SPIDER,94.0
SPIDER,SPIDER,96.66666666666667
SPIDER,SPIDER,97.33333333333334
SPIDER,SPIDER,94.66666666666667
SPIDER,SPIDER,95.33333333333334
SPIDER,SPIDER,65.33333333333333
SPIDER,SPIDER,74.0
SPIDER,SPIDER,86.66666666666667
SPIDER,SPIDER,96.0
SPIDER,SPIDER,84.66666666666667
SPIDER,SPIDER,85.33333333333334
SPIDER,SPIDER,86.66666666666667
SPIDER,SPIDER,86.66666666666667
SPIDER,SPIDER,88.0
SPIDER,SPIDER,86.66666666666667
SPIDER,SPIDER,92.66666666666666
SPIDER,SPIDER,89.33333333333333
SPIDER,SPIDER,90.0
SPIDER,SPIDER,98.0
SPIDER,SPIDER,99.33333333333333
SPIDER,SPIDER,98.0
SPIDER,SPIDER,99.33333333333333
SPIDER,SPIDER,99.33333333333333
SPIDER,SPIDER,100.0
SPIDER,SPIDER,100.0
SPIDER,SPIDER,100.0
SPIDER,SPIDER,99.33333333333333
SPIDER,SPIDER,100.0
SPIDER,SPIDER,99.33333333333333
SPIDER,SPIDER,100.0
SPIDER,SPIDER,100.0
SPIDER,SPIDER,100.0
SPIDER,SPIDER,99.33333333333333
SPIDER,SPIDER,98.66666666666667
SPIDER,SPIDER,98.66666666666667
SPIDER,SPIDER,97.33333333333334
SPIDER,SPIDER,96.66666666666667
SPIDER,SPIDER,91.33333333333333
SPIDER,SPIDER,90.0
SPIDER,SPIDER,94.66666666666667
SPIDER,SPIDER,100.0
SPIDER,SPIDER,95.33333333333334
SPIDER,SPIDER,97.33333333333334
SPIDER,SPIDER,100.0
SPIDER,SPIDER,99.33333333333333
SPIDER,SPIDER,98.66666666666667
SPIDER,SPIDER,99.33333333333333
SPIDER,SPIDER,92.0
SPIDER,SPIDER,97.33333333333334
SPIDER,SPIDER,97.33333333333334
SPIDER,SPIDER,96.66666666666667
SPIDER,SPIDER,97.33333333333334
SPIDER,SPIDER,94.0
SPIDER,SPIDER,98.0
SPIDER,SPIDER,94.66666666666667
SPIDER,SPIDER,92.66666666666666
SPIDER,SPIDER,92.0
SPIDER,SPIDER,94.66666666666667
SPIDER,SPIDER,89.33333333333333
SPIDER,SPIDER,92.0
SPIDER,SPIDER,90.0
SPIDER,SPIDER,90.66666666666666
SPIDER,SPIDER,89.33333333333333
SPIDER,SPIDER,91.33333333333333
SPIDER,SPIDER,92.0
SPIDER,SPIDER,92.66666666666666
SPIDER,SPIDER,91.33333333333333
SPIDER,SPIDER,97.33333333333334
SPIDER,SPIDER,98.66666666666667
SPIDER,SPIDER,95.33333333333334
SPIDER,SPIDER,95.33333333333334
SPIDER,SPIDER,91.33333333333333
SPIDER,SPIDER,99.33333333333333
SPIDER,SPIDER,99.33333333333333
SPIDER,SPIDER,98.0
SPIDER,SPIDER,92.0
SPIDER,SPIDER,92.66666666666666
SPIDER,SPIDER,91.33333333333333
SPIDER,SPIDER,90.66666666666666
SPIDER,SPIDER,91.33333333333333
SPIDER,SPIDER,91.33333333333333
SPIDER,SPIDER,94.66666666666667
SPIDER,SPIDER,94.66666666666667
SPIDER,SPIDER,99.33333333333333
SPIDER,SPIDER,98.66666666666667
SPIDER,SPIDER,100.0
SPIDER,SPIDER,99.33333333333333
SPIDER,SPIDER,98.66666666666667
SPIDER,SPIDER,98.0
SPIDER,SPIDER,94.66666666666667
SPIDER,SPIDER,98.0
SPIDER,SPIDER,99.33333333333333
SPIDER,SPIDER,100.0
SPIDER,SPIDER,98.66666666666667
SPIDER,SPIDER,99.33333333333333
SPIDER,SPIDER,99.33333333333333
SPIDER,SPIDER,84.0
SPIDER,SPIDER,94.66666666666667
SPIDER,SPIDER,90.66666666666666
SPIDER,SPIDER,92.66666666666666
SPIDER,SPIDER,89.33333333333333
SPIDER,SPIDER,100.0
SPIDER,SPIDER,100.0
SPIDER,SPIDER,99.33333333333333
SPIDER,SPIDER,98.66666666666667
SPIDER,SPIDER,97.33333333333334
SPIDER,SPIDER,98.66666666666667
SPIDER,SPIDER,100.0
SPIDER,SPIDER,100.0
SPIDER,SPIDER,96.66666666666667
SPIDER,SPIDER,96.0
SPIDER,SPIDER,94.66666666666667
SPIDER,SPIDER,96.0
SPIDER,SPIDER,96.66666666666667
SPIDER,SPIDER,97.33333333333334
SPIDER,SPIDER,100.0
SPIDER,SPIDER,98.66666666666667
SPIDER,SPIDER,94.0
SPIDER,SPIDER,94.66666666666667
SPIDER,SPIDER,98.66666666666667
SPIDER,SPIDER,97.33333333333334
SPIDER,SPIDER,95.33333333333334
SPIDER,SPIDER,90.0
SPIDER,SPIDER,88.0
SPIDER,SPIDER,97.33333333333334
SPIDER,SPIDER,100.0
SPIDER,SPIDER,99.33333333333333
SPIDER,SPIDER,99.33333333333333
SPIDER,SPIDER,99.33333333333333
SPIDER,SPIDER,99.33333333333333
SPIDER,SPIDER,100.0
SPIDER,SPIDER,100.0
SPIDER,SPIDER,100.0
SPIDER,SPIDER,96.66666666666667
SPIDER,SPIDER,89.33333333333333
SPIDER,SPIDER,95.33333333333334
SPIDER,SPIDER,96.66666666666667
SPIDER,SPIDER,98.66666666666667
SPIDER,SPIDER,99.33333333333333
SPIDER,SPIDER,99.33333333333333
SPIDER,SPIDER,99.33333333333333
SPIDER,SPIDER,100.0
SPIDER,SPIDER,100.0
SPIDER,SPIDER,99.33333333333333
SPIDER,SPIDER,96.66666666666667
SPIDER,SPIDER,94.66666666666667
SPIDER,SPIDER,97.33333333333334
SPIDER,SPIDER,90.66666666666666
SPIDER,SPIDER,88.66666666666667
SPIDER,SPIDER,99.33333333333333
SPIDER,SPIDER,99.33333333333333
SPIDER,SPIDER,98.0
SPIDER,SPIDER,97.33333333333334
SPIDER,SPIDER,97.33333333333334
SPIDER,SPIDER,96.66666666666667
SPIDER,SPIDER,97.33333333333334
SPIDER,SPIDER,98.0
SPIDER,SPIDER,97.33333333333334
SPIDER,SPIDER,98.0
SPIDER,SPIDER,97.33333333333334
SPIDER,SPIDER,96.66666666666667
SPIDER,SPIDER,98.66666666666667
SPIDER,SPIDER,96.0
SPIDER,SPIDER,96.66666666666667
SPIDER,SPIDER,98.66666666666667
SPIDER,SPIDER,100.0
SPIDER,SPIDER,96.66666666666667
SPIDER,SPIDER,96.66666666666667
SPIDER,SPIDER,96.66666666666667
SPIDER,SPIDER,98.0
SPIDER,SPIDER,98.66666666666667
SPIDER,SPIDER,98.66666666666667
SPIDER,SPIDER,98.66666666666667
SPIDER,SPIDER,92.0
SPIDER,SPIDER,84.0
SPIDER,SPIDER,87.33333333333333
SPIDER,SPIDER,92.66666666666666
SPIDER,SPIDER,99.33333333333333
SPIDER,SPIDER,98.66666666666667
SPIDER,SPIDER,99.33333333333333
SPIDER,SPIDER,99.33333333333333
SPIDER,SPIDER,98.66666666666667
SPIDER,SPIDER,98.66666666666667
SPIDER,SPIDER,98.66666666666667
SPIDER,SPIDER,99.33333333333333
SPIDER,SPIDER,100.0
SPIDER,SPIDER,98.0
SPIDER,SPIDER,99.33333333333333
SPIDER,SPIDER,98.66666666666667
SPIDER,SPIDER,100.0
SPIDER,SPIDER,96.66666666666667
SPIDER,SPIDER,96.0
SPIDER,SPIDER,92.66666666666666
SPIDER,SPIDER,88.0
SPIDER,SPIDER,90.0
SPIDER,SPIDER,88.0
SPIDER,SPIDER,89.33333333333333
SPIDER,SPIDER,99.33333333333333
SPIDER,SPIDER,100.0
SPIDER,SPIDER,98.0
SPIDER,SPIDER,98.0
SPIDER,SPIDER,98.0
SPIDER,SPIDER,98.0
SPIDER,SPIDER,98.0
SPIDER,SPIDER,97.33333333333334
SPIDER,SPIDER,98.66666666666667
SPIDER,SPIDER,98.66666666666667
SPIDER,SPIDER,98.66666666666667
SPIDER,SPIDER,97.33333333333334
SPIDER,SPIDER,92.66666666666666
SPIDER,SPIDER,94.0
SPIDER,SPIDER,94.0
SPIDER,SPIDER,96.0
SPIDER,SPIDER,98.66666666666667
SPIDER,SPIDER,100.0
SPIDER,SPIDER,99.33333333333333
SPIDER,SPIDER,100.0
SPIDER,SPIDER,99.33333333333333
SPIDER,SPIDER,100.0
SPIDER,SPIDER,95.33333333333334
SPIDER,SPIDER,98.0
SPIDER,SPIDER,94.0
SPIDER,SPIDER,92.66666666666666
SPIDER,SPIDER,91.33333333333333
SPIDER,SPIDER,92.66666666666666
SPIDER,SPIDER,98.0
SPIDER,SPIDER,98.0
SPIDER,SPIDER,98.0
SPIDER,SPIDER,95.33333333333334
SPIDER,SPIDER,90.0
SPIDER,SPIDER,98.0
SPIDER,SPIDER,95.33333333333334
SPIDER,SPIDER,98.66666666666667
SPIDER,SPIDER,98.66666666666667
SPIDER,SPIDER,98.66666666666667
SPIDER,SPIDER,99.33333333333333
SPIDER,SPIDER,100.0
SPIDER,SPIDER,100.0
SPIDER,SPIDER,92.0
SPIDER,SPIDER,88.66666666666667
SPIDER,SPIDER,76.66666666666667
SPIDER,SPIDER,78.0
SPIDER,SPIDER,72.66666666666667
SPIDER,SPIDER,70.66666666666667
SPIDER,SPIDER,68.0
SPIDER,SPIDER,65.33333333333333
SPIDER,SPIDER,66.0
SPIDER,SPIDER,67.33333333333333
SPIDER,SPIDER,68.0
SPIDER,SPIDER,69.33333333333334
SPIDER,SPIDER,70.0
SPIDER,SPIDER,67.33333333333333
SPIDER,SPIDER,69.33333333333334
SPIDER,SPIDER,68.0
SPIDER,SPIDER,66.0
SPIDER,SPIDER,74.0
SPIDER,SPIDER,85.33333333333334
SPIDER,SPIDER,65.33333333333333
SPIDER,SPIDER,69.33333333333334
SPIDER,SPIDER,59.333333333333336
SPIDER,SPIDER,74.0
SPIDER,SPIDER,75.33333333333333
SPIDER,SPIDER,68.66666666666667
SPIDER,SPIDER,78.66666666666666
SPIDER,SPIDER,78.0
SPIDER,SPIDER,84.66666666666667
SPIDER,SPIDER,84.66666666666667
SPIDER,SPIDER,85.33333333333334
SPIDER,SPIDER,70.66666666666667
SPIDER,SPIDER,65.33333333333333
SPIDER,SPIDER,62.0
SPIDER,SPIDER,72.0
SPIDER,SPIDER,72.66666666666667
SPIDER,SPIDER,77.33333333333333
SPIDER,SPIDER,84.66666666666667
SPIDER,SPIDER,99.33333333333333
SPIDER,SPIDER,97.33333333333334
SPIDER,SPIDER,92.66666666666666
SPIDER,SPIDER,88.0
SPIDER,SPIDER,91.33333333333333
SPIDER,SPIDER,95.33333333333334
SPIDER,SPIDER,88.0
SPIDER,SPIDER,92.0
SPIDER,SPIDER,93.33333333333333
SPIDER,SPIDER,95.33333333333334
SPIDER,SPIDER,92.66666666666666
SPIDER,SPIDER,88.66666666666667
SPIDER,SPIDER,92.0
SPIDER,SPIDER,89.33333333333333
SPIDER,SPIDER,76.66666666666667
SPIDER,SPIDER,75.33333333333333
SPIDER,SPIDER,82.66666666666667
SPIDER,SPIDER,77.33333333333333
SPIDER,SPIDER,85.33333333333334
SPIDER,SPIDER,90.66666666666666
SPIDER,SPIDER,94.0
SPIDER,SPIDER,97.33333333333334
SPIDER,SPIDER,94.66666666666667
SPIDER,SPIDER,82.0
SPIDER,SPIDER,72.66666666666667
SPIDER,SPIDER,73.33333333333333
SPIDER,SPIDER,74.66666666666667
SPIDER,SPIDER,81.33333333333333
SPIDER,SPIDER,83.33333333333334
SPIDER,SPIDER,90.0
SPIDER,SPIDER,96.66666666666667
SPIDER,SPIDER,98.0
SPIDER,SPIDER,97.33333333333334
SPIDER,SPIDER,97.33333333333334
SPIDER,SPIDER,90.66666666666666
SPIDER,SPIDER,92.0
SPIDER,SPIDER,90.0
SPIDER,SPIDER,90.66666666666666
SPIDER,SPIDER,90.0
SPIDER,SPIDER,93.33333333333333
SPIDER,SPIDER,95.33333333333334
SPIDER,SPIDER,94.0
SPIDER,SPIDER,93.33333333333333
SPIDER,SPIDER,92.0
SPIDER,SPIDER,96.0
SPIDER,SPIDER,88.0
SPIDER,SPIDER,76.0
SPIDER,SPIDER,72.0
SPIDER,SPIDER,96.0
SPIDER,SPIDER,94.66666666666667
SPIDER,SPIDER,98.0
SPIDER,SPIDER,94.66666666666667
SPIDER,SPIDER,96.66666666666667
SPIDER,SPIDER,96.66666666666667
SPIDER,SPIDER,98.0
SPIDER,SPIDER,82.66666666666667
SPIDER,SPIDER,77.33333333333333
SPIDER,SPIDER,82.66666666666667
SPIDER,SPIDER,73.33333333333333
SPIDER,SPIDER,64.66666666666666
SPIDER,SPIDER,67.33333333333333
SPIDER,SPIDER,80.0
SPIDER,SPIDER,96.0
SPIDER,SPIDER,96.0
SPIDER,SPIDER,96.0
SPIDER,SPIDER,98.0
SPIDER,SPIDER,84.66666666666667
SPIDER,SPIDER,80.0
SPIDER,SPIDER,80.66666666666666
SPIDER,SPIDER,72.66666666666667
SPIDER,SPIDER,48.0
SPIDER,SPIDER,52.0
SPIDER,ROCK,40.0
SPIDER,ROCK,34.0
SPIDER,ROCK,30.0
SPIDER,ROCK,28.000000000000004
SPIDER,ROCK,28.666666666666668
SPIDER,SPIDER,71.33333333333334
SPIDER,SPIDER,74.0
SPIDER,SPIDER,92.0
SPIDER,SPIDER,89.33333333333333
SPIDER,SPIDER,92.0
SPIDER,SPIDER,82.66666666666667
SPIDER,SPIDER,82.0
SPIDER,SPIDER,86.66666666666667
SPIDER,SPIDER,93.33333333333333
SPIDER,SPIDER,94.0
SPIDER,SPIDER,99.33333333333333
SPIDER,SPIDER,86.66666666666667
SPIDER,SPIDER,93.33333333333333
SPIDER,SPIDER,96.0
SPIDER,SPIDER,95.33333333333334
SPIDER,SPIDER,97.33333333333334
SPIDER,SPIDER,97.33333333333334
SPIDER,SPIDER,94.66666666666667
SPIDER,SPIDER,88.0
SPIDER,SPIDER,69.33333333333334
SPIDER,SPIDER,84.0
SPIDER,SPIDER,85.33333333333334
SPIDER,SPIDER,79.33333333333333
SPIDER,SPIDER,91.33333333333333
SPIDER,SPIDER,93.33333333333333
SPIDER,SPIDER,87.33333333333333
SPIDER,SPIDER,89.33333333333333
SPIDER,SPIDER,84.66666666666667
SPIDER,SPIDER,82.66666666666667
SPIDER,SPIDER,80.66666666666666
SPIDER,SPIDER,74.66666666666667
SPIDER,SPIDER,68.0
SPIDER,SPIDER,81.33333333333333
SPIDER,SPIDER,84.66666666666667
SPIDER,SPIDER,70.0
SPIDER,SPIDER,86.0
SPIDER,SPIDER,84.0
SPIDER,SPIDER,91.33333333333333
SPIDER,SPIDER,91.33333333333333
SPIDER,SPIDER,60.66666666666667
SPIDER,SPIDER,60.0
SPIDER,SPIDER,84.66666666666667
SPIDER,SPIDER,90.66666666666666
SPIDER,SPIDER,92.0
SPIDER,SPIDER,94.0
SPIDER,SPIDER,96.66666666666667
SPIDER,SPIDER,95.33333333333334
SPIDER,SPIDER,94.0
SPIDER,SPIDER,98.66666666666667
SPIDER,SPIDER,98.0
SPIDER,SPIDER,100.0
SPIDER,SPIDER,100.0
SPIDER,SPIDER,99.33333333333333
SPIDER,SPIDER,99.33333333333333
SPIDER,SPIDER,100.0
SPIDER,SPIDER,99.33333333333333
SPIDER,SPIDER,98.0
